$ID,$ID_NAME,Description,Icon,Link_Collections,Link_Cubes,Link_Items,Link_Maps,Link_Maps_Exploration,Link_Monsters,Link_RecipeMaterial,Link_RecipeTarget,Name,Price,TimeCoolDown,TimeLifeTime,Tradability,Type,Weight
494413,Weapon_Artifact_SelectBox_Thema1,使用すると以下のアイテムの中から1つを選択して獲得することができます。{nl} {nl}交換アイテムリスト{nl} - [外見変更] マリンピストル{nl} - [外見変更] マリンマスケット{nl} - [外見変更] マリンロッド{nl} - [外見変更] マリンスタッフ{nl} - [外見変更] リトルドルフィンピストル,icon_item_global_box_03,,,,,,,,,[外見変更] ベルカッパー武器選択ボックス,0,0.0,0.0,FFFT,6,1.0
494414,Weapon_Artifact_SelectBox_Thema2,使用すると以下のアイテムの中から1つを選択して獲得することができます。{nl} {nl}交換アイテムリスト{nl} - [外見変更] アニマル幼稚園シャボン玉ツーハンドソード{nl} - [外見変更] アニマル幼稚園わたあめメイス{nl} - [外見変更] アニマル幼稚園アヒルツーハンドメイス{nl} - [外見変更] アニマル幼稚園キャンディーロッド,icon_item_global_box_03,,,,,,,,,[外見変更] アニマル幼稚園武器選択ボックス,0,0.0,0.0,FFFT,6,1.0
494415,Weapon_Artifact_SelectBox_Thema3,使用すると以下のアイテムの中から1つを選択して獲得することができます。{nl} {nl}交換アイテムリスト{nl} - [外見変更] エターナルセイヴァールーメンスタッフ{nl} - [外見変更] エターナルセイヴァーノックスツーハンドメイス,icon_item_global_box_03,,,,,,,,,[外見変更] エターナルセイヴァー武器選択ボックス,0,0.0,0.0,FFFT,6,1.0
494416,Weapon_Artifact_SelectBox_Thema4,使用すると以下のアイテムの中から1つを選択して獲得することができます。{nl} {nl}交換アイテムリスト{nl} - [外見変更] バードスクワッドクロスボウ{nl} - [外見変更] バードスクワッドメイス{nl} - [外見変更] バードスクワッドピストル,icon_item_global_box_03,,,,,,,,,[外見変更] バードスクワッド武器選択ボックス,0,0.0,0.0,FFFT,6,1.0
494417,Weapon_Artifact_SelectBox_Thema5,使用すると以下のアイテムの中から1つを選択して獲得することができます。{nl} {nl}交換アイテムリスト{nl} - [外見変更] ジェミナの騎士ツーハンドソード{nl} - [外見変更] ジェミナの騎士シールド{nl} - [外見変更] ジェミナの騎士ボウ{nl} - [外見変更] ジェミナの騎士レイピア,icon_item_global_box_03,,,,,,,,,[外見変更] ジェミナの騎士武器選択ボックス,0,0.0,0.0,FFFT,6,1.0
495031,Event_DefenceMission01,使用すると各確率に応じてアイテムを獲得できます。右クリックで使用できます。,icon_item_giftbox_1,,,"[645268, 644046, 645485, 645257, 649203, 649216, 102106, 102107, 142102, 162102, 182102, 202101, 222113]",,,,,,ディフェンスミッション報酬ボックス,0,2.0,604800.0,FFFF,6,0.0
640403,Ghaca_PC_Rabdom,ランダムに報酬を獲得します。マウス右クリックで使用できます。{nl}報酬リスト{nl}- 経験の書 x1{nl} - インスタンスダンジョン倍数トークン x2{nl}- メガホン x1{nl}- 魔法付与スクロール(取引不可) x1{nl}- ワープスクロール x8{nl}- ソウルクリスタル x4{nl}- 緊急修理キット x3,icon_item_random_cashbox,,,,,,,,,[POPOショップ]TPアイテムボックス,0,0.0,0.0,FFFT,6,5.0
640404,Ghaca_PC_Misc,右クリックで使用することができます。使用すると次のアイテムの内一つを確率で獲得します。{nl} - プラクトニウム1個{nl} - シエラパウダー50個{nl} - シエラパウダー23個{nl} - ペルトレミン5個{nl} - ウルスターマイト5個{nl} - フィデシウム10個{nl} - テラニウム15個{nl} - ミスリル15個{nl} - ミスリル10個,icon_item_pc_miscbox,,,,,,,,,[POPOショップ]鉱物ボックス,0,0.0,0.0,FFFT,6,5.0
640407,Ghaca_PC_Discount_Ticket,右クリックで使用できます。ランダムに報酬を獲得します。{nl}報酬リスト{nl} - [POPOショップ]染色1回50%割引券{nl} - [POPOショップ]染色1回無料利用券{nl} - [POPOショップ]ヘア1回50%割引券{nl} - [POPOショップ]ヘア1回無料利用券,icon_item_random_cashbox,,,,,,,,,[POPOショップ]ビューティショップ割引クーポンボックス,0,0.0,0.0,FFFT,6,5.0
640408,Ghaca_PC_Event_Csoume01,右クリックで使用すると、ブラックメイドコスチューム(女) / ブラックバトラーコスチューム(男)のうち、一つを獲得できます。,icon_item_box_pc_basic_pp,,,,,,,,,[POPOショップ]バトラー＆メイドコスチューム選択ボックス,0,0.0,0.0,FFFF,6,5.0
640409,Box_PC_Month,右クリックで使用すると、アイテムを獲得できます。{nl}報酬リスト {nl} - x8 経験の書(14日) x 1{nl} - インスタンスダンジョン倍数トークン x 10{nl} - 女神の彫像(14日) x 10{nl} - 祝福が宿った種(14日)  x 10,icon_item_box_pc_month,,,,,,,,,[POPOショップ]成長支援ボックス,0,0.0,0.0,FFFT,6,5.0
640414,Gm_Ty_Box,右クリックで使用すると、アイテム及びバフを獲得できます。{nl}報酬アイテム{nl} - 10TP[プレゼント] x1{nl}報酬バフ{nl} - レッドオックス(30分) {nl} - 移動速度アップ-イベント(30分) {nl} - 周囲HP回復 -イベント(30分) {nl} - 周囲SP回復 -イベント(30分),icon_item_giftbox_4,,,,,,,,,GMの感謝ボックス,0,0.0,0.0,FFFT,6,0.0
640415,Gm_Sy_Box,右クリックで使用すると、アイテム及びバフを獲得できます。{nl}報酬アイテム{nl} - 10TP[プレゼント] x1{nl}報酬バフ{nl} - レッドオックス(30分) {nl} - 移動速度アップ-イベント(30分) {nl} - 周囲HP回復 -イベント(30分) {nl} - 周囲SP回復 -イベント(30分),icon_item_giftbox_4,,,,,,,,,GMのお詫びボックス,0,0.0,0.0,FFFT,6,0.0
640443,Attendance_Sausis_SelectBox,使用すると、リストの中から欲しい装備が支給されます。{nl} {nl}アクセサリリスト{nl} -ネファグリタスネックレス{nl} -ネメトマスネックレス{nl} -ランゴベスネックレス{nl} -ネファグリタスブレスレット{nl} -ネメトマスブレスレット{nl} -ランゴベスブレスレット,icon_item_giftbox_4,,,,,,,,,幻想図書館: サウシス9館アクセサリ選択ボックス,0,0.0,0.0,FFFF,6,5.0
640444,Attendance_welcome,右クリックで使用します。使用すると、アイテムを獲得できます。{nl}報酬リスト {nl} -ワープスクロールボックス10個箱{nl} -女神の彫像(14日) x 3{nl} -祝福が宿った種(14日)  x 3,icon_item_giftbox_4,,,,,,,,,新規/復帰歓迎ボックス,0,0.0,0.0,FFFT,6,5.0
640445,Attendance_welcome2,右クリックで使用します。使用すると、アイテムを獲得できます。{nl}報酬リスト  {nl} -レイドポータルストーン x 5{nl} -チャレンジポータル生成スクロール(14日) x5{nl} -メガホン50個箱{nl}[イベント]マシニオス武器選択ボックス,icon_item_giftbox_4,,,,,,,,,新規/復帰支援ボックス,0,0.0,0.0,FFFT,6,5.0
640446,Attendance_Masinios_SelectBox,使用すると、11強5超越マシニオス武器リストの中から一つを獲得できます。,icon_item_event_weaponbox1,,,,,,,,,11強5超越マシニオス武器選択ボックス,0,0.0,0.0,FFFF,6,5.0
640450,Gacha_PC_Event_Costume01,右クリックで使用します。使用すると、以下の構成物のいずれかを選択して取得することができます。{nl} - アルファセントーリ宇宙飛行士コスチューム選択ボックス1個{nl} - アルファセントーリス宇宙飛行士ヘルメット1個,icon_item_gacha_pc_event_costume01,,,,,,,,,[POPOショップ]アルファセントーリ宇宙飛行士パッケージ,0,0.0,0.0,FFFF,6,5.0
640451,Select_costume_ep11,右クリックで使用します。次のクラスのコスチュームを獲得できます。{nl}クラスリスト{nl} -タイガーハンター{nl} -マトロス{nl} -アルディーティ{nl} -シェリフ{nl} {nl} - 8月21日のメンテナンスにて削除されます。,icon_item_giftbox_4,,,,,,,,,[イベント]新規クラスプレミアムコスチューム選択ボックス,0,0.0,0.0,FFFT,6,5.0
640453,Ghaca_Guild_Contribution_Shop_MISC,ランダムに報酬を獲得します。マウス右クリックで使用できます。,icon_item_farm47_sack_01,,,,,,,,,鉱物の包み,0,0.0,0.0,FFFT,6,1.0
640462,box_gabia_set,右クリックで使用できます。使用すると以下のアイテムを獲得できます。{nl} - ガビヤの守護騎士選択ボックス 1個{nl} - ガビヤの恵みがこもった羽根 x3,icon_item_gabia_set,,,,,,,,,ガビヤの守護騎士パッケージ,0,0.0,0.0,FFFF,6,5.0
640463,rubymoru_recipe_box,右クリックで使用できます。使用すると以下のアイテムを獲得できます。{nl} - 輝くルビーの金床製造書 x10,icon_item_ruby_recipebox,,,,,,,,,輝くルビーの金床製造書の束(10枚),0,0.0,0.0,FFFF,6,5.0
640480,ViboraWeaponSelectBox,使用すると、リストの中から好きなアイテムが支給されます。,icon_item_vibora_weapon_selectbox,,,,,,,,,[クポル専用]バイボラ武器選択ボックス,0,0.0,0.0,FFFF,6,5.0
640489,SelectBox_Care_Penguin,使用すると、リストの中から好きなアイテムが支給されます。{nl} - ベイビーペンギンの卵{nl} - アデリーペンギンの卵,icon_item_giftbox_4,,,,,,,,,[報償用]ペンギン選択ボックス,0,0.0,0.0,FFFF,6,0.0
640490,CareBox_PenguinSET,使用すると、次のアイテムを獲得します。{nl}－[ペンギン専用]コンパニオン経験値カードLv.400 1個{nl}－[報償用]ペンギン選択ボックス 1個,icon_item_giftbox_4,,,,,,,,,[報償用]ペンギンセットボックス,0,0.0,0.0,FFFF,6,0.0
640492,CareBox_PenguinSET_Trade,INTL_20210125_000409,icon_item_giftbox_4,,,,,,,,,INTL_20210125_000408,0,0.0,0.0,FFFF,6,0.0
640493,SelectBox_Care_Penguin_Trade,INTL_20210125_000411,icon_item_giftbox_4,,,,,,,,,INTL_20210125_000410,0,0.0,0.0,FFFF,6,0.0
640509,Ghaca_kingdom_misc_box,右クリックで使用します。使用時、下記のアイテムの中で1つを獲得できます。{nl} - 魔精石1個{nl} - イシルディン鉱石25個{nl} - ルビー20個{nl} - サファイア4個{nl} - オパール25個{nl} - ジルコン15個,gacha_h_012,,,,,,,,,王国鉱物補給箱,0,0.0,0.0,FFFT,6,1.0
641915,160714Event_box0,使用するとシルバーを獲得できます。,icon_item_silverbox1,,,,,,,,,大当たりシルバー箱(14日),0,0.0,1209600.0,FFFF,6,0.0
641916,160714Event_box00,使用するとシルバーを獲得できます。,icon_item_silverbox1,,,,,,,,,大当たりシルバー箱(14日),0,0.0,1209600.0,FFFF,6,0.0
641922,160714Event_box0_R,使用するとシルバーを獲得できます。,icon_item_silverbox1,,,,,,,,,大当たりシルバーボックス,0,0.0,0.0,FFFF,6,0.0
641942,Event_1704_SilverBox,使用するとシルバーを獲得できます。,icon_item_silverbox1,,,,,,,,,大当たりシルバー箱(14日),0,0.0,1209600.0,FFFF,6,0.0
642515,Gacha_MonsterCard_Box,モンスターカードをランダムで1枚を獲得できます。,icon_item_luckybox_orange,,,,,,,,,モンスターカードラッキーボックス,0,0.0,0.0,FFFF,6,0.0
642601,Gacha_F_001,使用すると何かを獲得できそうです。右クリックで使用できます。,icon_item_cube3,,,,,,,,,アボミネーションのキューブ,0,0.0,0.0,FFFF,6,5.0
642602,Gacha_F_002,使用すると何かを獲得できそうです。右クリックで使用できます。,icon_item_cube3,,,,,,,,,(旧)疎ましいデスウィーバーのキューブ,0,0.0,0.0,FFFF,6,5.0
642603,Gacha_F_003,使用すると何かを獲得できそうです。右クリックで使用できます。,icon_item_cube3,,,,,,,,,(旧)冒涜のチャッパーリションのキューブ,0,0.0,0.0,FFFF,6,5.0
642604,Gacha_F_004,使用すると何かを獲得できそうです。右クリックで使用できます。,icon_item_cube3,,,,,,,,,{s18}大地のテンプルシューターのキューブ,0,0.0,0.0,FFFF,6,5.0
642605,Gacha_F_005,使用すると何かを獲得できそうです。右クリックで使用できます。,icon_item_cube3,,,,,,,,,大地のキャンスリルのキューブ,0,0.0,0.0,FFFF,6,5.0
642606,Gacha_F_006,使用すると何かを獲得できそうです。右クリックで使用できます。,icon_item_cube3,,,,,,,,,大地のアコンのキューブ,0,0.0,0.0,FFFF,6,5.0
642607,Gacha_F_007,使用すると何かを獲得できそうです。右クリックで使用できます。,icon_item_cube3,,,,,,,,,(旧)煉獄のケルベロスのキューブ,0,0.0,0.0,FFFF,6,5.0
642608,Gacha_F_008,使用すると何かを獲得できそうです。右クリックで使用できます。,icon_item_cube3,,,,,,,,,(旧)騒がしいマインローダーのキューブ,0,0.0,0.0,FFFF,6,5.0
642609,Gacha_F_009,使用すると何かを獲得できそうです。右クリックで使用できます。,icon_item_cube3,,,,,,,,,キュバスのキューブ,0,0.0,0.0,FFFF,6,5.0
642610,Gacha_F_010,使用すると何かを獲得できそうです。右クリックで使用できます。,icon_item_cube3,,,,,,,,,ネクロヴェンターのキューブ,0,0.0,0.0,FFFF,6,5.0
642611,Gacha_F_011,使用すると何かを獲得できそうです。右クリックで使用できます。,icon_item_cube3,,,,,,,,,(旧)燃え上がるファイアーロードのキューブ,0,0.0,0.0,FFFF,6,5.0
642612,Gacha_F_012,使用すると何かを獲得できそうです。右クリックで使用できます。,icon_item_cube3,,,,,,,,,(旧)怒りに満ちたハーピアのキューブ,0,0.0,0.0,FFFF,6,5.0
642613,Gacha_F_013,使用すると何かを獲得できそうです。右クリックで使用できます。,icon_item_cube3,,,,,,,,,グラックマンのキューブ,0,0.0,0.0,FFFF,6,5.0
642614,Gacha_F_014,使用すると何かを獲得できそうです。右クリックで使用できます。,icon_item_cube3,,,,,,,,,マリオネットのキューブ,0,0.0,0.0,FFFF,6,5.0
642615,Gacha_F_015,使用すると何かを獲得できそうです。右クリックで使用できます。,icon_item_cube3,,,,,,,,,デュラハンのキューブ,0,0.0,0.0,FFFF,6,5.0
642616,Gacha_F_016,使用すると何かを獲得できそうです。右クリックで使用できます。,icon_item_cube3,,,,,,,,,(旧)エラガノスのキューブ,0,0.0,0.0,FFFF,6,5.0
642617,Gacha_F_017,使用すると何かを獲得できそうです。右クリックで使用できます。,icon_item_cube3,,,,,,,,,{s16}監獄の管理者プリズンカッターのキューブ,0,0.0,0.0,FFFF,6,5.0
642618,Gacha_F_018,使用すると何かを獲得できそうです。右クリックで使用できます。,icon_item_cube3,,,,,,,,,飢えたベルニアモンキーのキューブ,0,0.0,0.0,FFFF,6,5.0
642619,Gacha_F_019,使用すると何かを獲得できそうです。右クリックで使用できます。,icon_item_cube3,,,,,,,,,{s16}森の番人フェレットマローダーのキューブ,0,0.0,0.0,FFFF,6,5.0
642620,Gacha_F_020,使用すると何かを獲得できそうです。右クリックで使用できます。,icon_item_cube3,,,,,,,,,(旧)ミルティスのキューブ,0,0.0,0.0,FFFF,6,5.0
642621,Gacha_F_021,使用すると何かを獲得できそうです。右クリックで使用できます。,icon_item_cube3,,,,,,,,,(旧)ヘルガ・セルクルのキューブ,0,0.0,0.0,FFFF,6,5.0
642622,Gacha_F_022,使用すると何かを獲得できそうです。右クリックで使用できます。,icon_item_cube3,,,,,,,,,(旧)レキシファーのキューブ,0,0.0,0.0,FFFF,6,5.0
642623,Gacha_F_023,使用すると何かを獲得できそうです。右クリックで使用できます。,icon_item_cube3,,,,,,,,,(旧)マルノックスのキューブ,0,0.0,0.0,FFFF,6,5.0
642624,Gacha_F_024,使用すると何かを獲得できそうです。右クリックで使用できます。,icon_item_cube3,,,,,,,,,(旧)ヌアエーレのキューブ,0,0.0,0.0,FFFF,6,5.0
642625,Gacha_F_025,使用すると何かを獲得できそうです。右クリックで使用できます。,icon_item_cube3,,,,,,,,,(旧)ジャウラのキューブ,0,0.0,0.0,FFFF,6,5.0
642626,Gacha_F_026,使用すると何かを獲得できそうです。右クリックで使用できます。,icon_item_cube3,,,,,,,,,(旧)ブルッドのキューブ,0,0.0,0.0,FFFF,6,5.0
642627,Gacha_F_027,使用すると何かを獲得できそうです。右クリックで使用できます。,icon_item_cube3_first,,,,,,,,,(旧)ミルティスキューブ,0,0.0,0.0,FFFF,6,5.0
642628,Gacha_F_028,使用すると何かを獲得できそうです。右クリックで使用できます。,icon_item_cube3_first,,,,,,,,,(旧)ヘルガ・セルクルキューブ,0,0.0,0.0,FFFF,6,5.0
642629,Gacha_F_029,使用すると何かを獲得できそうです。右クリックで使用できます。,icon_item_cube3_first,,,,,,,,,(旧)レキシファーキューブ,0,0.0,0.0,FFFF,6,5.0
642630,Gacha_F_030,使用すると何かを獲得できそうです。右クリックで使用できます。,icon_item_cube3_first,,,,,,,,,(旧)マルノックスキューブ,0,0.0,0.0,FFFF,6,5.0
642631,Gacha_F_031,使用すると何かを獲得できそうです。右クリックで使用できます。,icon_item_cube3_first,,,,,,,,,(旧)ヌアエーレキューブ,0,0.0,0.0,FFFF,6,5.0
642632,Gacha_F_032,使用すると何かを獲得できそうです。右クリックで使用できます。,icon_item_cube3_first,,,,,,,,,(旧)ジャウラキューブ,0,0.0,0.0,FFFF,6,5.0
642633,Gacha_F_033,使用すると何かを獲得できそうです。右クリックで使用できます。,icon_item_cube3_first,,,,,,,,,(旧)ブルッドキューブ,0,0.0,0.0,FFFF,6,5.0
642634,Gacha_F_034,使用すると何かを獲得できそうです。右クリックで使用できます。,icon_item_cube3,,,,,,,,,(旧)ミルティスキューブ,0,0.0,0.0,FFFF,6,5.0
642635,Gacha_F_035,使用すると何かを獲得できそうです。右クリックで使用できます。,icon_item_cube3,,,,,,,,,(旧)ヘルガ・セルクルキューブ,0,0.0,0.0,FFFF,6,5.0
642636,Gacha_F_036,使用すると何かを獲得できそうです。右クリックで使用できます。,icon_item_cube3,,,,,,,,,(旧)レキシファーキューブ,0,0.0,0.0,FFFF,6,5.0
642637,Gacha_F_037,使用すると何かを獲得できそうです。右クリックで使用できます。,icon_item_cube3,,,,,,,,,(旧)マルノックスキューブ,0,0.0,0.0,FFFF,6,5.0
642638,Gacha_F_038,使用すると何かを獲得できそうです。右クリックで使用できます。,icon_item_cube3,,,,,,,,,(旧)ヌアエーレキューブ,0,0.0,0.0,FFFF,6,5.0
642639,Gacha_F_039,使用すると何かを獲得できそうです。右クリックで使用できます。,icon_item_cube3,,,,,,,,,(旧)ジャウラキューブ,0,0.0,0.0,FFFF,6,5.0
642640,Gacha_F_040,使用すると何かを獲得できそうです。右クリックで使用できます。,icon_item_cube3,,,,,,,,,(旧)ブルッドキューブ,0,0.0,0.0,FFFF,6,5.0
642641,Gacha_F_041,使用すると何かを獲得できそうです。右クリックで使用できます。,icon_item_cube3,,,,,,,,,グラックマンのキューブ,0,0.0,0.0,FFFF,6,5.0
642642,Gacha_F_042,使用すると何かを獲得できそうです。右クリックで使用できます。,icon_item_cube3,,,,,,,,,冒涜のチャッパーリションのキューブ,0,0.0,0.0,FFFF,6,5.0
642643,Gacha_F_043,使用すると何かを獲得できそうです。右クリックで使用できます。,icon_item_cube3,,,,,,,,,飢えたベルニアモンキーのキューブ,0,0.0,0.0,FFFF,6,5.0
642644,Gacha_F_044,使用すると何かを獲得できそうです。右クリックで使用できます。,icon_item_cube3,,,,,,,,,魅惑のサキュバスのキューブ,0,0.0,0.0,FFFF,6,5.0
642645,Gacha_F_045,使用すると何かを獲得できそうです。右クリックで使用できます。,icon_item_cube3,,,,,,,,,燃え上がるファイアーロードのキューブ,0,0.0,0.0,FFFF,6,5.0
642646,Gacha_F_046,使用すると何かを獲得できそうです。右クリックで使用できます。,icon_item_cube3,,,,,,,,,騒がしいマインローダーのキューブ,0,0.0,0.0,FFFF,6,5.0
642647,Gacha_F_047,使用すると何かを獲得できそうです。右クリックで使用できます。,icon_item_cube3,,,,,,,,,強欲なデスウィーバーのキューブ,0,0.0,0.0,FFFF,6,5.0
642648,Gacha_F_048,使用すると何かを獲得できそうです。右クリックで使用できます。,icon_item_cube3,,,,,,,,,{s16}森の番人フェレットマローダーのキューブ,0,0.0,0.0,FFFF,6,5.0
642649,Gacha_F_049,使用すると何かを獲得できそうです。右クリックで使用できます。,icon_item_cube3,,,,,,,,,飢えたエラガノスのキューブ,0,0.0,0.0,FFFF,6,5.0
642650,Gacha_F_050,使用すると何かを獲得できそうです。右クリックで使用できます。,icon_item_cube3,,,,,,,,,煉獄のケルベロスのキューブ,0,0.0,0.0,FFFF,6,5.0
642651,Gacha_F_051,使用すると何かを獲得できそうです。右クリックで使用できます。,icon_item_cube3,,,,,,,,,怒りに満ちたハーピアのキューブ,0,0.0,0.0,FFFF,6,5.0
642652,Gacha_F_052,使用すると何かを獲得できそうです。右クリックで使用できます。,icon_item_cube3,,,,,,,,,{s16}監獄の管理者プリズンカッターのキューブ,0,0.0,0.0,FFFF,6,5.0
642653,Gacha_F_053,使用すると何かを獲得できそうです。右クリックで使用できます。,icon_item_cube3,,,,,,,,,興奮するモリックのキューブ,0,0.0,0.0,FFFF,6,5.0
642654,Gacha_F_054,使用すると何かを獲得できそうです。右クリックで使用できます。{nl} - 高級アイテムとレジェンドカードを獲得する確率が一般キューブより高いです。,icon_item_cube_gold_first,,,,,,,,,輝く魔将ミルティスキューブ,0,0.0,0.0,FFFF,6,1.0
642655,Gacha_F_055,使用すると何かを獲得できそうです。右クリックで使用できます。{nl} - 高級アイテムとレジェンドカードを獲得する確率が一般キューブより高いです。,icon_item_cube_gold_first,,,,,,,,,輝く魔将ヘルガ・セルクルキューブ,0,0.0,0.0,FFFF,6,1.0
642656,Gacha_F_056,使用すると何かを獲得できそうです。右クリックで使用できます。{nl} - 高級アイテムとレジェンドカードを獲得する確率が一般キューブより高いです。,icon_item_cube_gold_first,,,,,,,,,輝く魔将レキシファーキューブ,0,0.0,0.0,FFFF,6,1.0
642657,Gacha_F_057,使用すると何かを獲得できそうです。右クリックで使用できます。{nl} - 高級アイテムとレジェンドカードを獲得する確率が一般キューブより高いです。,icon_item_cube_gold_first,,,,,,,,,輝く魔将マルノックスキューブ,0,0.0,0.0,FFFF,6,1.0
642658,Gacha_F_058,使用すると何かを獲得できそうです。右クリックで使用できます。{nl} - 高級アイテムとレジェンドカードを獲得する確率が一般キューブより高いです。,icon_item_cube_gold_first,,,,,,,,,輝く魔将ヌアエーレキューブ,0,0.0,0.0,FFFF,6,1.0
642659,Gacha_F_059,使用すると何かを獲得できそうです。右クリックで使用できます。{nl} - 高級アイテムとレジェンドカードを獲得する確率が一般キューブより高いです。,icon_item_cube_gold_first,,,,,,,,,輝く魔将ジャウラキューブ,0,0.0,0.0,FFFF,6,1.0
642660,Gacha_F_060,使用すると何かを獲得できそうです。右クリックで使用できます。{nl} - 高級アイテムとレジェンドカードを獲得する確率が一般キューブより高いです。,icon_item_cube_gold_first,,,,,,,,,輝く魔将ブルッドキューブ,0,0.0,0.0,FFFF,6,1.0
642661,Gacha_F_061,使用すると何かを獲得できそうです。右クリックで使用できます。,icon_item_cube_gold_blow,,,,,,,,,魔将ミルティスキューブ,0,0.0,0.0,FFFF,6,1.0
642662,Gacha_F_062,使用すると何かを獲得できそうです。右クリックで使用できます。,icon_item_cube_gold_blow,,,,,,,,,魔将ヘルガ・セルクルキューブ,0,0.0,0.0,FFFF,6,1.0
642663,Gacha_F_063,使用すると何かを獲得できそうです。右クリックで使用できます。,icon_item_cube_gold_blow,,,,,,,,,魔将レキシファーキューブ,0,0.0,0.0,FFFF,6,1.0
642664,Gacha_F_064,使用すると何かを獲得できそうです。右クリックで使用できます。,icon_item_cube_gold_blow,,,,,,,,,魔将マルノックスキューブ,0,0.0,0.0,FFFF,6,1.0
642665,Gacha_F_065,使用すると何かを獲得できそうです。右クリックで使用できます。,icon_item_cube_gold_blow,,,,,,,,,魔将ヌアエーレキューブ,0,0.0,0.0,FFFF,6,1.0
642666,Gacha_F_066,使用すると何かを獲得できそうです。右クリックで使用できます。,icon_item_cube_gold_blow,,,,,,,,,魔将ジャウラキューブ,0,0.0,0.0,FFFF,6,1.0
642667,Gacha_F_067,使用すると何かを獲得できそうです。右クリックで使用できます。,icon_item_cube_gold_blow,,,,,,,,,魔将ブルッドキューブ,0,0.0,0.0,FFFF,6,1.0
642668,Gacha_F_068,使用すると何かを獲得できそうです。右クリックで使用できます。{nl} - 高級アイテムとレジェンドカードを獲得する確率が一般キューブより高いです。,icon_item_cube_gold_first,,,,,,,,,輝く魔将ミルティスキューブ,0,0.0,0.0,FFFF,6,1.0
642669,Gacha_F_069,使用すると何かを獲得できそうです。右クリックで使用できます。{nl} - 高級アイテムとレジェンドカードを獲得する確率が一般キューブより高いです。,icon_item_cube_gold_first,,,,,,,,,輝く魔将ヘルガ・セルクルキューブ,0,0.0,0.0,FFFF,6,1.0
642670,Gacha_F_070,使用すると何かを獲得できそうです。右クリックで使用できます。{nl} - 高級アイテムとレジェンドカードを獲得する確率が一般キューブより高いです。,icon_item_cube_gold_first,,,,,,,,,輝く魔将レキシファーキューブ,0,0.0,0.0,FFFF,6,1.0
642671,Gacha_F_071,使用すると何かを獲得できそうです。右クリックで使用できます。{nl} - 高級アイテムとレジェンドカードを獲得する確率が一般キューブより高いです。,icon_item_cube_gold_first,,,,,,,,,輝く魔将マルノックスキューブ,0,0.0,0.0,FFFF,6,1.0
642672,Gacha_F_072,使用すると何かを獲得できそうです。右クリックで使用できます。{nl} - 高級アイテムとレジェンドカードを獲得する確率が一般キューブより高いです。,icon_item_cube_gold_first,,,,,,,,,輝く魔将ヌアエーレキューブ,0,0.0,0.0,FFFF,6,1.0
642673,Gacha_F_073,使用すると何かを獲得できそうです。右クリックで使用できます。{nl} - 高級アイテムとレジェンドカードを獲得する確率が一般キューブより高いです。,icon_item_cube_gold_first,,,,,,,,,輝く魔将ジャウラキューブ,0,0.0,0.0,FFFF,6,1.0
642674,Gacha_F_074,使用すると何かを獲得できそうです。右クリックで使用できます。{nl} - 高級アイテムとレジェンドカードを獲得する確率が一般キューブより高いです。,icon_item_cube_gold_first,,,,,,,,,輝く魔将ブルッドキューブ,0,0.0,0.0,FFFF,6,1.0
642675,Gacha_F_075,使用すると何かを獲得できそうです。右クリックで使用できます。,icon_item_cube_gold_blow,,,,,,,,,魔将ミルティスキューブ,0,0.0,0.0,FFFF,6,1.0
642676,Gacha_F_076,使用すると何かを獲得できそうです。右クリックで使用できます。,icon_item_cube_gold_blow,,,,,,,,,魔将ヘルガ・セルクルキューブ,0,0.0,0.0,FFFF,6,1.0
642677,Gacha_F_077,使用すると何かを獲得できそうです。右クリックで使用できます。,icon_item_cube_gold_blow,,,,,,,,,魔将レキシファーキューブ,0,0.0,0.0,FFFF,6,1.0
642678,Gacha_F_078,使用すると何かを獲得できそうです。右クリックで使用できます。,icon_item_cube_gold_blow,,,,,,,,,魔将マルノックスキューブ,0,0.0,0.0,FFFF,6,1.0
642679,Gacha_F_079,使用すると何かを獲得できそうです。右クリックで使用できます。,icon_item_cube_gold_blow,,,,,,,,,魔将ヌアエーレキューブ,0,0.0,0.0,FFFF,6,1.0
642680,Gacha_F_080,使用すると何かを獲得できそうです。右クリックで使用できます。,icon_item_cube_gold_blow,,,,,,,,,魔将ジャウラキューブ,0,0.0,0.0,FFFF,6,1.0
642681,Gacha_F_081,使用すると何かを獲得できそうです。右クリックで使用できます。,icon_item_cube_gold_blow,,,,,,,,,魔将ブルッドキューブ,0,0.0,0.0,FFFF,6,1.0
642682,Gacha_F_082,使用すると何かを獲得できそうです。右クリックで使用できます。{nl} - 高級アイテムとレジェンドカードを獲得する確率が一般キューブより高いです。,icon_item_cube_gold_first,,,,,,,,,輝く魔将モリングフォニアキューブ,0,0.0,0.0,FFFF,6,1.0
642683,Gacha_F_083,使用すると何かを獲得できそうです。右クリックで使用できます。,icon_item_cube_gold_blow,,,,,,,,,魔将モリングフォニアキューブ,0,0.0,0.0,FFFF,6,1.0
642684,Gacha_F_084,使用すると何かを獲得できそうです。右クリックで使用できます。{nl} - 高級アイテムとレジェンドカードを獲得する確率が一般キューブより高いです。,icon_item_cube_gold_first,,,,,,,,,輝く魔将モリングフォニアキューブ,0,0.0,0.0,FFFF,6,1.0
642685,Gacha_F_085,使用すると何かを獲得できそうです。右クリックで使用できます。,icon_item_cube_gold_blow,,,,,,,,,魔将モリングフォニアキューブ,0,0.0,0.0,FFFF,6,1.0
642686,Gacha_SKLGEM,使用するとランダムでスキルジェムを獲得することができます。右クリックで使用できます。,icon_item_cube_sklgem,,,,,,,,,スキルジェムキューブ,0,0.0,0.0,FFFT,6,0.0
642687,Gacha_F_086,使用すると何だかよく分からない物を獲得することができそうです。マウス右クリックで使用します。{nl} - レジェンドカード、ティエリニューム、ワンダーラス防具、製造書、モリングフォニアの王冠などを獲得することができます。,icon_item_cube_gold_first,,,,,,,,,輝くワンダーラスキューブ,0,0.0,0.0,FFFF,6,1.0
642688,Gacha_F_087,使用すると何だかよく分からない物を獲得することができそうです。マウス右クリックで使用します。{nl} - レジェンドカード、ティエリニューム、製造書、モリングフォニアの王冠などを獲得することができます,icon_item_cube_gold_blow,,,,,,,,,ワンダーラスキューブ,0,0.0,0.0,FFFF,6,1.0
642689,Gacha_F_088,使用すると次のアイテムを全て獲得できます。{nl} - 輝くワンダーラスキューブ1個{nl} - ワンダーラスキューブ1個,icon_item_cube_gold_blow,,,,,,,,,輝くワンダーラスキューブ＋,0,0.0,0.0,FFFF,6,1.0
642690,Gacha_F_089,使用すると次のアイテム全てを獲得します。{nl} - 輝く魔将キューブボックス1個{nl} - 輝くワンダーラスキューブ1個{nl} - ワンダーラスキューブ1個,icon_item_cube_gold_blow,,,,,,,,,ボス協同戦キューブ,0,0.0,0.0,FFFF,6,1.0
642691,Gacha_MasterCard,使用すると[傭兵団のコイン商店]で過去に販売されたマスターカードの内一つを獲得します。{nl}(現在販売中のマスターカードは除く),icon_item_event_roulette_master,,,,,,,,,マスターカード・カードブック,0,0.0,0.0,FFFF,6,1.0
642701,Gacha_E_001,使用すると、任意の材料を獲得できます。右クリックで使用します。,icon_item_cube4,,,,,,,,,謎のキューブ,0,0.0,0.0,FFFF,6,5.0
642702,Gacha_E_002,使用すると、任意の材料を獲得できます。右クリックで使用します。,icon_item_cube4,,,,,,,,,きらきらキューブ,0,0.0,0.0,FFFF,6,5.0
642703,Gacha_E_003,使用すると何かを獲得できそうです。右クリックで使用できます。,icon_item_cube4,,,,,,,,,サルラスキューブ,0,0.0,0.0,FFFF,6,5.0
642704,Gacha_E_004,使用すると、任意の材料を獲得できます。右クリックで使用します。,icon_item_cube4,,,,,,,,,大地の塔5階キューブ,0,0.0,0.0,FFFF,6,5.0
642705,Gacha_E_005,使用すると、任意の材料を獲得できます。右クリックで使用します。,icon_item_cube4,,,,,,,,,大地の塔10階キューブ,0,0.0,0.0,FFFF,6,5.0
642706,Gacha_E_006,使用すると、任意の材料を獲得できます。右クリックで使用します。,icon_item_cube4,,,,,,,,,大地の塔15階キューブ,0,0.0,0.0,FFFF,6,5.0
642707,Gacha_E_007,使用すると、任意の材料を獲得できます。右クリックで使用します。,icon_item_cube4,,,,,,,,,大地の塔20階キューブ,0,0.0,0.0,FFFF,6,5.0
642714,Gacha_E_013,使用すると、任意の昆虫型モンスターカードを獲得できます。右クリックで使用します。,icon_item_cube4,,,,,,,,,カードキューブ：昆虫型,0,0.0,0.0,TTFF,6,5.0
642715,Gacha_E_014,使用すると、任意の変異型モンスターカードを獲得できます。右クリックで使用します。,icon_item_cube4,,,,,,,,,カードキューブ：変異型,0,0.0,0.0,TTFF,6,5.0
642716,Gacha_E_015,使用すると、任意の植物型モンスターカードを獲得できます。右クリックで使用します。,icon_item_cube4,,,,,,,,,カードキューブ：植物型,0,0.0,0.0,TTFF,6,5.0
642717,Gacha_E_016,使用すると、任意の悪魔型モンスターカードを獲得できます。右クリックで使用します。,icon_item_cube4,,,,,,,,,カードキューブ：悪魔型,0,0.0,0.0,TTFF,6,5.0
642718,Gacha_E_017,使用すると、任意の野獣型モンスターカードを獲得できます。右クリックで使用します。,icon_item_cube4,,,,,,,,,カードキューブ：野獣型,0,0.0,0.0,TTFF,6,5.0
642719,Gacha_E_019,使用すると、祝福された欠片を獲得できます。,icon_item_cube1,,,,,,,,,(旧)祝福のキューブ,0,0.0,0.0,FFFF,6,5.0
642720,Gacha_E_020,使用すると、任意のアイテムを獲得できます。,icon_item_luckybox_gold,,,,,,,,,黄金の箱,0,0.0,0.0,FFFF,6,0.0
642721,Gacha_E_021,使用すると、任意の材料を獲得できます。右クリックで使用します。,icon_item_cube4,,,,,,,,,大地の塔25階キューブ,0,0.0,0.0,FFFF,6,5.0
642722,Gacha_E_022,使用すると、任意の材料を獲得できます。右クリックで使用します。,icon_item_cube4,,,,,,,,,大地の塔30階キューブ,0,0.0,0.0,FFFF,6,5.0
642723,Gacha_E_023,使用すると、任意の材料を獲得できます。右クリックで使用します。,icon_item_cube4,,,,,,,,,大地の塔35階キューブ,0,0.0,0.0,FFFF,6,5.0
642724,Gacha_E_024,使用すると、任意の材料を獲得できます。右クリックで使用します。,icon_item_cube4,,,,,,,,,大地の塔40階キューブ,0,0.0,0.0,FFFF,6,5.0
642725,Gem_Gacha,使用すると、Lv1～Lv6レッド、ブルー、グリーン、イエロージェムとモンスタージェムを獲得できます。右クリックで使用できます。,icon_item_cube4,,,,,,,,,ジェムを回す,0,0.0,0.0,FFFF,6,5.0
642729,Gacha_M_Zachariel_1,使用すると何かを獲得できそうです。右クリックで使用できます。,icon_item_cube4,,,,,,,,,サルラスキューブ(王陵),0,0.0,0.0,FFFF,6,5.0
642730,Gacha_M_Rokas_1,使用すると何かを獲得できそうです。右クリックで使用できます。,icon_item_cube4,,,,,,,,,サルラスキューブ(峡谷),0,0.0,0.0,FFFF,6,5.0
642731,Gacha_M_Castle_1,使用すると何かを獲得できそうです。右クリックで使用できます。,icon_item_cube4,,,,,,,,,サルラスキューブ(キャッスル),0,0.0,0.0,FFFF,6,5.0
642732,Team_Battle_Basic,チームバトルリーグ参加賞の箱。戦闘に役立つアイテムが入っています。,icon_item_battle_cube_1,,,,,,,,,チームバトルリーグ報酬箱,0,0.0,0.0,FFFF,6,5.0
642733,Team_Battle_Ranking_01,チームバトルリーグランキング50位以内に登録されるともらえる報酬箱。戦闘に役立つアイテムが入っています。,icon_item_battle_cube_2,,,,,,,,,チームバトルリーグランキング報酬箱,0,0.0,0.0,FFFF,6,5.0
642734,Team_Battle_Ranking_02,チームバトルリーグランキング1位～3位に登録されるともらえる報酬箱。戦闘に役立つアイテムが入っています。,icon_item_battle_cube_3,,,,,,,,,チームバトルリーグ上位ランカー報酬箱,0,0.0,0.0,FFFF,6,5.0
642739,Gacha_Guild_Boss,ギルドクエストの中からボスレイドに成功して獲得した報酬箱です。{nl}主に鉱物を獲得できます。,icon_item_guild_mission_box,,,,,,,,,ギルドクエスト報酬: ボスレイド,0,0.0,0.0,FFFT,6,0.0
642740,Gacha_Guild_Mission,ギルドクエストの中からミッションに成功して獲得した報酬箱です。{nl}主に種を獲得できます。,icon_item_guild_raid_box,,,,,,,,,ギルドクエスト報酬: ミッション,0,0.0,0.0,FFFT,6,0.0
642741,Gacha_Guild_Mission_Hair,ギルドクエストの中でミッションを成功することで獲得できる追加報酬ボックスです。{nl} 使用すると次のアイテムの中で一つを獲得できます。{nl} - 異世界のメガネ{nl} - 灰色のうさ耳{nl} - 鷲の羽,gacha_h_012,,,,,,,,,ギルドクエスト報酬: ヘアアクセサリ,0,0.0,0.0,FFFT,6,0.0
642742,Gacha_Earthtower_001,使用すると、パイロエゴのエキス25個を獲得できます。マウス右クリックで使用できます。,icon_item_cube_gold_blow,,,,,,,,,凝縮された大地の塔5階キューブ,0,0.0,0.0,FFFF,6,5.0
642743,Gacha_Earthtower_002,使用すると、ゴサリウスのエキス25個を獲得できます。マウス右クリックで使用できます。,icon_item_cube_gold_blow,,,,,,,,,凝縮された大地の塔10階キューブ,0,0.0,0.0,FFFF,6,5.0
642744,Gacha_Earthtower_003,使用すると、トゥルタイのエキス25個を獲得できます。マウス右クリックで使用できます。,icon_item_cube_gold_blow,,,,,,,,,凝縮された大地の塔15階キューブ,0,0.0,0.0,FFFF,6,5.0
642745,Gacha_Earthtower_004,使用すると、グプのエキス25個を獲得できます。マウス右クリックで使用できます。,icon_item_cube_gold_blow,,,,,,,,,凝縮された大地の塔20階キューブ,0,0.0,0.0,FFFF,6,5.0
642746,Gacha_Earthtower_005,使用すると、ネオップのエキス25個を獲得できます。マウス右クリックで使用できます。,icon_item_cube_gold_blow,,,,,,,,,凝縮された大地の塔25階キューブ,0,0.0,0.0,FFFF,6,5.0
642747,Gacha_Earthtower_006,使用すると、オルカンのエキス25個を獲得できます。マウス右クリックで使用できます。,icon_item_cube_gold_blow,,,,,,,,,凝縮された大地の塔30階キューブ,0,0.0,0.0,FFFF,6,5.0
642748,Gacha_Earthtower_007,使用すると、プロクスケのエキス25個を獲得できます。マウス右クリックで使用できます。,icon_item_cube_gold_blow,,,,,,,,,凝縮された大地の塔35階キューブ,0,0.0,0.0,FFFF,6,5.0
642749,Gacha_Earthtower_008,使用すると、グリムリーパーのエキス25個を獲得できます。マウス右クリックで使用できます。,icon_item_cube_gold_blow,,,,,,,,,凝縮された大地の塔40階キューブ,0,0.0,0.0,FFFF,6,5.0
642750,Gacha_Ability_Potion_Box,ギルドクエストの中からミッションに成功して獲得した追加報酬箱です。{nl}特別な効果を持つポーションの製造書を獲得できます。,icon_item_ability_potion_box,,,,,,,,,ギルドクエスト報酬: 特殊ポーション,0,0.0,0.0,FFFT,6,0.0
642751,Gacha_E_025,使用すると、祝福された欠片を獲得できます。,icon_item_cube1,,,,,,,,,祝福のキューブ,0,0.0,0.0,FFFF,6,5.0
642752,Gacha_E_026,修道女アイステからの感謝の贈り物です。開けると祝福された欠片2個が手に入るキューブです。{nl} - 1日3回獲得可能,icon_item_jewelrybox_close,,,,,,,,,修道女アイステの感謝の贈り物,0,0.0,0.0,FFFF,6,5.0
642762,Seal_box_Care_01,[補償用]ボルタエンブレム - ソードマンボックスを使用するとボルタエンブレム - ソードマンを獲得することができます。,icon_item_jewelrybox_close,,,,,,,,,[補償用]ボルタエンブレム - ソードマンボックス,0,0.0,0.0,FFFF,6,5.0
642763,Seal_box_Care_02,[補償用]ボルタエンブレム - ウィザードボックスを使用するとボルタエンブレム - ウィザードを獲得することができます。,icon_item_jewelrybox_close,,,,,,,,,[補償用]ボルタエンブレム - ウィザードボックス,0,0.0,0.0,FFFF,6,5.0
642764,Seal_box_Care_03,[補償用]ボルタエンブレム - クレリックボックスを使用するとボルタエンブレム - クレリックを獲得することができます。,icon_item_jewelrybox_close,,,,,,,,,[補償用]ボルタエンブレム - クレリックボックス,0,0.0,0.0,FFFF,6,5.0
642765,Seal_box_Care_04,[補償用]ボルタエンブレム - アーチャーボックスを使用するとボルタエンブレム - アーチャーを獲得することができます。,icon_item_jewelrybox_close,,,,,,,,,[補償用]ボルタエンブレム - アーチャーボックス,0,0.0,0.0,FFFF,6,5.0
642766,Seal_box_Care_05,[補償用]ボルタエンブレム - スカウトボックスを使用するとボルタエンブレム - スカウトを獲得することができます。,icon_item_jewelrybox_close,,,,,,,,,[補償用]ボルタエンブレム - スカウトボックス,0,0.0,0.0,FFFF,6,5.0
642767,Seal_box_Care_06,[補償用]イレディアンエンブレム - ソードマンボックスを使用するとイレディアンエンブレム - ソードマンを獲得することができます。,icon_item_jewelrybox_close,,,,,,,,,[補償用]イレディアンエンブレム - ソードマンボックス,0,0.0,0.0,FFFF,6,5.0
642768,Seal_box_Care_07,[補償用]イレディアンエンブレム - ウィザードボックスを使用するとイレディアンエンブレム - ウィザードを獲得することができます。,icon_item_jewelrybox_close,,,,,,,,,[補償用]イレディアンエンブレム - ウィザードボックス,0,0.0,0.0,FFFF,6,5.0
642769,Seal_box_Care_08,[補償用]イレディアンエンブレム - クレリックボックスを使用するとイレディアンエンブレム - クレリックを獲得することができます。,icon_item_jewelrybox_close,,,,,,,,,[補償用]イレディアンエンブレム - クレリックボックス,0,0.0,0.0,FFFF,6,5.0
642770,Seal_box_Care_09,[補償用]イレディアンエンブレム - アーチャーボックスを使用するとイレディアンエンブレム - アーチャーを獲得することができます。,icon_item_jewelrybox_close,,,,,,,,,[補償用]イレディアンエンブレム - アーチャーボックス,0,0.0,0.0,FFFF,6,5.0
642771,Seal_box_Care_10,[補償用]イレディアンエンブレム - スカウトボックスを使用するとイレディアンエンブレム - スカウトを獲得することができます。,icon_item_jewelrybox_close,,,,,,,,,[補償用]イレディアンエンブレム - スカウトボックス,0,0.0,0.0,FFFF,6,5.0
642772,Seal_box_boruta01,ボルタエンブレム - ソードマンボックスを使用するとボルタエンブレム - ソードマンを獲得することができます。,icon_item_jewelrybox_close,,,,,,,,,ボルタエンブレム - ソードマンボックス,0,0.0,0.0,FFFF,6,5.0
642773,Seal_box_boruta02,ボルタエンブレム - ウィザードボックスを使用するとボルタエンブレム - ウィザードを獲得することができます。,icon_item_jewelrybox_close,,,,,,,,,ボルタエンブレム - ウィザードボックス,0,0.0,0.0,FFFF,6,5.0
642774,Seal_box_boruta03,ボルタエンブレム - クレリックボックスを使用するとボルタエンブレム - クレリックを獲得することができます。,icon_item_jewelrybox_close,,,,,,,,,ボルタエンブレム - クレリックボックス,0,0.0,0.0,FFFF,6,5.0
642775,Seal_box_boruta04,ボルタエンブレム - アーチャーボックスを使用するとボルタエンブレム - アーチャーを獲得することができます。,icon_item_jewelrybox_close,,,,,,,,,ボルタエンブレム - アーチャーボックス,0,0.0,0.0,FFFF,6,5.0
642776,Seal_box_boruta05,ボルタエンブレム - スカウトボックスを使用するとボルタエンブレム - スカウトを獲得することができます。,icon_item_jewelrybox_close,,,,,,,,,ボルタエンブレム - スカウトボックス,0,0.0,0.0,FFFF,6,5.0
642777,Selectbox_Weapon_MoringPonia,モリングフォニアユニーク武器の中から1つを選択できます。右クリックで使用できます。{nl}選択後は変更できません。,icon_item_moth_weapon_selectbox,,,,,,,,,モリングフォニアユニーク武器選択ボックス,0,0.0,0.0,FFFT,6,0.0
642778,Selectbox_Armor_MoringPonia,モリングフォニアユニーク防具の中から1つを選択できます。右クリックで使用できます。{nl}選択後は変更できません。,icon_item_moth_armor_selectbox,,,,,,,,,モリングフォニアユニーク防具選択ボックス,0,0.0,0.0,FFFT,6,0.0
642779,Legend_Misc_Moringponia_Box,使用すると、モリングフォニアの王冠10個を獲得できます。右クリックで使用できます。,icon_item_legend_misc_moringponia_box,,,,,,,,,モリングフォニアの王冠保管箱,0,0.0,0.0,FFFF,6,5.0
642780,Legend_HiddenAbility_Piece_Box,右クリックで使用すると、神秘の書のページ10枚を獲得します。,icon_item_paper_box01,,,,,,,,,神秘の書の束(x 10),0,0.0,0.0,FFFF,6,5.0
642782,txbox_MoringPonia_set,使用すると次のアイテムをすべて獲得できます。{nl} - モリングフォニアユニーク武器選択ボックス{nl} - モリングフォニアユニーク防具選択ボックス{nl}右クリックで使用できます。,icon_item_moth_armor_selectbox,,,,,,,,,モリングフォニアユニーク装備セットボックス,0,0.0,0.0,FFFT,6,0.0
642783,txbox_MoringPonia_set_crown,使用すると次のアイテムをすべて獲得できます。{nl} - モリングフォニアユニーク武器選択ボックス{nl} - モリングフォニアユニーク防具選択ボックス{nl} - モリングフォニアの王冠 x1{nl}右クリックで使用できます。,icon_item_moth_setbox,,,,,,,,,モリングフォニアユニーク特別セットボックス,0,0.0,0.0,FFFT,6,0.0
642784,Legend_HiddenAbility_Piece_Box_set,"使用すると次のアイテムをすべて獲得できます。{nl} - 神秘の書のページ x10{nl} - 特性ポイント 10,000 x3{nl}右クリックで使用できます。",icon_item_paper_ability_setbox,,,,,,,,,神秘の書の束特別セットボックス,0,0.0,0.0,FFFF,6,5.0
642785,WeeklyBossFBCubeBox,使用すると次のアイテムの中から一つを選択して獲得することができます。{nl} - 輝く魔将ミルティスキューブ{nl} - 輝く魔将ヘルガ・セルクルキューブ{nl} - 輝く魔将レキシファーキューブ{nl} - 輝く魔将マルノックスキューブ{nl} - 輝く魔将ヌアエーレキューブ{nl} - 輝く魔将ジャウラキューブ{nl} - 輝く魔将ブルッドキューブ,icon_item_reset_box,,,,,,,,,輝く魔将キューブボックス,0,0.0,0.0,FFFT,6,0.0
642786,WeeklyBossLegendMiscCube,週間ボスを阻止することに寄与したものに与えられる報酬です。使用すると、次のアイテムの中から1種を確率で獲得します。{nl}－栄誉の勲章：ボルタ×1{nl}－栄誉の勲章：ボルタ×2{nl}－栄誉の勲章：ボルタ×3{nl} {nl}使用すると、低い確率で次のアイテムを獲得します。{nl}－アーキストーン－調和×1,icon_item_royalbox,,,,,,,,,週間ボスレイドキューブ,0,0.0,0.0,FFFT,6,0.0
642787,DraconasMiscCube,啓示者様を支援するための補給品が入っています。ケドラ商団により急ぎで発注されました。{nl}傭兵団のコインで交換できます。{nl} {nl}使用すると、次のアイテムの中から1種を確率で獲得します。{nl}－制造書－ファシウテスネックレス{nl}－制造書－アティカネックレス{nl}－フレディネックレス{nl}－制造書－ファシウテスブレスレット{nl}－制造書－アティカブレスレット{nl}－フレディブレスレット{nl}－制造書－リヌキシートネックレス{nl}－制造書－メイストラネックレス{nl}－フィルメスネックレス{nl}－制造書－リヌキシートブレスレット{nl}－制造書－メイストラブレスレット{nl}－フィルメスブレスレット{nl}－制造書－フリエノネックレス{nl}－制造書－マノシルディネックレス{nl}－制造書－フリエノブレスレット{nl}－制造書－マノシルディブレスレット{nl}－制造書－カイトムーアネットレス{nl}－制造書－スビエスネックレス{nl}－制造書－カイトムーアブレスレット{nl}－制造書－スビエスブレスレット{nl}－ジルコン{nl}－イシルディン鉱石,icon_item_eventcube1,,,,,,,,,ケドラ商団の特別アクセサリーキューブ,0,0.0,0.0,FFFT,6,0.0
642788,Selectbox_LegendCardEP11,使用すると、次のアイテムの中から1種を確率で獲得します。{nl}－魔将モリングフォニアカード1個{nl}－憤怒するマーズルースカード1個{nl}－解放されたスキアクリプスカード1個,icon_item_legendcardenvelope,,,,,,,,,女神の加護レジェンドカード封筒,0,0.0,0.0,TFFT,6,0.0
642789,Legend_HiddenAbility_Piece_GreatBox,使用すると、次のアイテムを獲得します。{nl}－神秘の書の束(x 100),icon_item_paper_box01,,,,,,,,,神秘の書の束(x 100),0,0.0,0.0,FFFT,6,0.0
642790,LegendMiscRandomBox,使用すると、次のアイテムの中から1つを確率で獲得します。{nl}－アーキストーン－熱意1個{nl}－アーキストーン－循環{nl}－アーキストーン－正義{nl}－アーキストーン－調和1個,icon_item_eventcube3,,,,,,,,,アーキストーンキューブ,0,0.0,0.0,TFFT,6,0.0
642791,Premium_MysticAndMasterGlass,使用すると、次のアイテムを獲得します。{nl}－不思議なルーペ1個{nl}－職人のルーペ1個,icon_item_magnifier_blue_and_red,,,,,,,,,不思議なルーペセット,0,0.0,0.0,FFFT,6,0.0
642792,PCbang_Legend_HiddenAbility_Piece_GreatBox,使用すると、次のアイテムを獲得します。{nl}－神秘の書の束(x 100),icon_item_paper_box01,,,,,,,,,[POPOショップ]神秘の書の束(x 100),0,0.0,0.0,FFFT,6,0.0
642793,PCbang_legend_misc_card_box,使用すると、次のアイテムを獲得します。{nl}－レジェンド強化用カードx4,icon_item_legendcard_fragment_s,,,,,,,,,[POPOショップ]レジェンド強化用カード箱,0,0.0,0.0,FFFT,6,0.0
642794,PCbang_legend_ExpPotion,使用すると、次のアイテムを獲得します。{nl}－完成したファモカの試薬瓶x40,item_icon_pamocan_set01,,,,,,,,,[POPOショップ]ファモカ試薬瓶箱 II,0,0.0,0.0,FFFT,6,0.0
642795,Random_Seal_Cube,啓示者様を支援するための補給品が入っています。ケドラ商団により急ぎで発注されました。{nl}傭兵団のコインで交換できます。{nl}使用すると、次のアイテムの中から1種を確率で獲得します。{nl}－ボルタエンブレム－ソードマン{nl}－ボルタエンブレム－ウィザード{nl}－ボルタエンブレム－クレリック{nl}－ボルタエンブレム－アーチャー{nl}－ボルタエンブレム－スカウト{nl}－制造書－ファシウテスネックレス{nl}－制造書－アティカネックレス{nl}－フレディネックレス{nl}－制造書－ファシウテスブレスレット{nl}－制造書－アティカブレスレット{nl}－フレディブレスレット{nl}－制造書－リヌキシートネックレス{nl}－制造書－メイストラネックレス{nl}－フィルメスネックレス{nl}－制造書－リヌキシートブレスレット{nl}－制造書－メイストラブレスレット{nl}－フィルメスブレスレット{nl}－制造書－フリエノネックレス{nl}－制造書－マノシルディネックレス{nl}－制造書－フリエノブレスレット{nl}－制造書－マノシルディブレスレット{nl}－制造書－カイトムーアネットレス{nl}－制造書－スビエスネックレス{nl}－制造書－カイトムーアブレスレット{nl}－制造書－スビエスブレスレット{nl}－傭兵団のコイン45個,icon_item_random_seal_cube,,,,,,,,,ケドラ商団の不思議なキューブ,0,0.0,0.0,FFFT,6,0.0
642796,WeeklyBossLegendMiscCube_Seal,週間ボスを阻止することに寄与したものに与えられる報酬です。使用すると、次のアイテムの中から1種を確率で獲得します。{nl}－栄誉の勲章：ボルタ1個{nl}－栄誉の勲章：ボルタ2個{nl}－栄誉の勲章：ボルタ3個{nl} {nl}使用すると、低い確率で次のアイテムを獲得します。{nl}－アーキストーン－調和{nl} {nl}使用すると、低い確率で次のアイテムを獲得します。{nl}－ボルタエンブレム－ソードマン{nl}－ボルタエンブレム－ウィザード{nl}－ボルタエンブレム－クレリック{nl}－ボルタエンブレム－アーチャー{nl}－ボルタエンブレム－スカウト,icon_item_royalbox,,,,,,,,,週間ボスレイドキューブ,0,0.0,0.0,FFFT,6,0.0
642797,CareBox_Raid,"報酬用に支給される箱です。使用すると、次のアイテムの中から1種を確率で獲得します。{nl}－特性ポイント1,000 x1{nl}－神秘の書のページ x1",icon_item_giftbox_4,,,,,,,,,[報酬用]レイドクリア報酬箱,0,0.0,0.0,FFFT,6,0.0
642798,CareBox_Uphill,"報酬用に支給される箱です。使用すると、次のアイテムの中から1種を確率で獲得します。{nl}－特性ポイント1,000 x2{nl}－神秘の書のページ x1",icon_item_giftbox_4,,,,,,,,,[報酬用]防衛戦クリア報酬箱,0,0.0,0.0,FFFT,6,0.0
642799,WeeklyBossLegendMiscCube_Seal_Piece,週間ボスを討伐することに寄与した者へ与えられる報酬です。{nl}使用すると、次のアイテムの中から1種を確率で獲得します。{nl}－栄誉の勲章：ボルタ1個{nl}－栄誉の勲章：ボルタ2個{nl}－栄誉の勲章：ボルタ3個{nl} {nl}使用すると、低い確率で次のアイテムの内一つを追加で獲得します。{nl}－アーキストーンの破片1個{nl}－アーキストーン－調和1個{nl} {nl}使用すると、低い確率で次のアイテムの内一つをランダムで獲得します。{nl}－ボルタエンブレム－ソードマン{nl}－ボルタエンブレム－ウィザード{nl}－ボルタエンブレム－クレリック{nl}－ボルタエンブレム－アーチャー{nl}－ボルタエンブレム－スカウト,icon_item_royalbox,,,,,,,,,週間ボスレイドキューブ,0,0.0,0.0,FFFT,6,0.0
642801,Gacha_G_001,使用すると何かを獲得できそうです。右クリックで使用できます。,icon_item_cube1,,,,,,,,,カレイマスキューブ,0,0.0,0.0,FFFF,6,5.0
642802,Gacha_G_002,使用すると何かを獲得できそうです。右クリックで使用できます。,icon_item_cube1,,,,,,,,,シカリオスキューブ,0,0.0,0.0,FFFF,6,5.0
642803,Gacha_G_003,使用すると何かを獲得できそうです。右クリックで使用できます。,icon_item_cube1,,,,,,,,,森のキューブ,0,0.0,0.0,FFFF,6,5.0
642804,Gacha_G_004,使用すると何かを獲得できそうです。右クリックで使用できます。,icon_item_cube1,,,,,,,,,(旧)アートトークの資材ボックス,0,0.0,0.0,FFFF,6,5.0
642805,Gacha_G_005,使用すると何かを獲得できそうです。右クリックで使用できます。,icon_item_cube1,,,,,,,,,アートトークのガラクタボックス,0,0.0,0.0,FFFF,6,5.0
642806,Gacha_G_006,使用すると何かを獲得できそうです。右クリックで使用できます。,icon_item_cube1,,,,,,,,,アートトークのシークレットボックス,0,0.0,0.0,FFFF,6,5.0
642807,Gacha_G_007,使用すると何かを獲得できそうです。右クリックで使用できます。,icon_item_cube1,,,,,,,,,アートトークのキューブ,0,0.0,0.0,FFFF,6,5.0
642808,Gacha_G_008,使用すると何かを獲得できそうです。右クリックで使用できます。,icon_item_cube1,,,,,,,,,サウシスキューブ,0,0.0,0.0,FFFF,6,5.0
642809,Gacha_G_009,何か特別なものが手に入るかもしれません。右クリックで使用できます。{nl}獲得アイテムリスト{nl} - プラクトニウム 1個 {nl} - ミスリル 20個 {nl} - LV4ケイスタース回復ポーション 20個,icon_item_jewelrybox_close,,,,,,,,[3030],神秘的な箱,0,0.0,0.0,FFFF,6,0.0
642810,Gacha_G_010,かなり不安定な状態のキューブ。最初の性質に戻りたいという動きを見せています。 {nl}獲得アイテムリスト{nl} - プラクトニウム 1個 {nl} - ミスリル 20個 {nl} - LV4ケイスタース回復ポーション 20個,icon_item_eventbox_gem,,,,,,,,,不安定なキューブ,0,0.0,18000.0,FFFF,6,1.0
642811,Gacha_G_011,何か特別なものが手に入るかもしれません。右クリックで使用できます。{nl}獲得アイテムリスト{nl} - プラクトニウム 1個 {nl} - ミスリル 20個 {nl} - LV4ケイスタース回復ポーション 20個,icon_item_jewelrybox_close,,,,,,,,,神秘的な箱,0,0.0,0.0,FFFF,6,0.0
642812,Gacha_G_012,かなり不安定な状態のキューブ。最初の性質に戻りたいという動きを見せています。 {nl}獲得アイテムリスト{nl} - プラクトニウム 1個 {nl} - ミスリル 20個 {nl} - LV4ケイスタース回復ポーション 20個,icon_item_eventbox_gem,,,,,,,,,不安定なキューブ,0,0.0,18000.0,FFFF,6,1.0
642813,Gacha_G_013,製造書で作った紙のキューブ。使用すると任意の製造書を獲得することができます。右クリックで使用可能です。,icon_item_paperbox,,,,,,,,"[40001, 40002, 40003, 40004, 40005, 40006, 40007, 40008, 40009, 40010, 40011, 40012, 40013, 40014, 40017, 40037]",紙のキューブ,0,0.0,0.0,FFFF,6,0.0
642814,Gacha_H_001,ボコルマスターからもらったキューブ。使用すると、パサカ峡谷コレクションもしくは、ガルエット平野コレクションに含まれるアイテムを獲得できます。右クリックで使用します。,icon_item_cube4,,,,,,,,,1つ目のコレクシアキューブ,0,0.0,0.0,FFFF,6,5.0
642815,Gacha_H_002,メリッサからもらったキューブ。使用すると、マナハースコレクションもしくは、ゲナル平原コレクションに含まれるアイテムを獲得できます。右クリックで使用します。,icon_item_cube4,,,,,,,,,2つ目のコレクシアキューブ,0,0.0,0.0,FFFF,6,5.0
642816,Gacha_H_003,司祭ダラムからもらったキューブ。使用すると、大回廊コレクションもしくは、本堂コレクションに含まれるアイテムを獲得できます。右クリックで使用します。,icon_item_cube4,,,,,,,,,3つ目のコレクシアキューブ,0,0.0,0.0,FFFF,6,5.0
642817,Gacha_H_004,ハッカペルマスターからもらったキューブ。使用すると、イストラ遺跡コレクションのアイテムや、ヌオルディンの滝コレクションのアイテムを獲得できます。右クリックで使用します。,icon_item_cube4,,,,,,,,,4つ目のコレクシアキューブ,0,0.0,0.0,FFFF,6,5.0
642818,Gacha_H_005,ウォーロックマスターからもらったキューブ。使用すると、モクスルの墓室コレクションもしくは、バイデンティス神堂コレクション、リティニス地下墓地コレクションに含まれるアイテムを獲得できます。右クリックで使用します。,icon_item_cube4,,,,,,,,,5つ目のコレクシアキューブ,0,0.0,0.0,FFFF,6,5.0
642819,Gacha_H_006,ルシエン・ウィンタースプーンからもらったキューブ。使用すると、ナハスの森コレクションもしくは、ベーラ沿岸コレクションに含まれるアイテムを獲得できます。右クリックで使用します。,icon_item_cube4,,,,,,,,,6つ目のコレクシアキューブ,0,0.0,0.0,FFFF,6,5.0
642820,Gacha_H_007,村人ダンカンからもらったキューブ。使用すると、エルゴス修道院別館コレクションもしくは、エルゴス修道院本院コレクションに含まれるアイテムを獲得できます。右クリックで使用します。,icon_item_cube4,,,,,,,,,7つ目のコレクシアキューブ,0,0.0,0.0,FFFF,6,5.0
642821,Gacha_H_008,ガトレからもらったキューブ。使用すると、バルハの森コレクションもしくは、アレメテの森コレクションに含まれるアイテムを獲得できます。右クリックで使用します。,icon_item_cube4,,,,,,,,,8つ目のコレクシアキューブ,0,0.0,0.0,FFFF,6,5.0
642822,Gacha_H_009,兵士ハイルンからもらったキューブ。使用すると、イヴレー高原コレクションに含まれるアイテムを獲得できます。右クリックで使用します。,icon_item_cube4,,,,,,,,,9つ目のコレクシアキューブ,0,0.0,0.0,FFFF,6,5.0
642823,Gacha_H_010,困っている人々を助けたお礼にもらった袋。使用すると、様々な材料アイテムの中から一つを獲得できます。右クリックで使用します。,gacha_h_010,,,,,,,,,ささやかなお礼の袋,0,0.0,0.0,FFFF,6,5.0
642824,Gacha_H_011,困っている人々をたくさん助けたお礼にもらった箱。使用すると、様々な材料アイテムの中から一つを獲得できます。右クリックで使用します。,gacha_h_011,,,,,,,,,ぬくもりを宿した箱,0,0.0,0.0,FFFF,6,5.0
642825,Gacha_H_012,困っている人々を一生懸命助けたお礼にもらった特別な箱。使用すると、様々な材料アイテムの中から一つを獲得できます。右クリックで使用します。,gacha_h_012,,,,,,,,,優しさの詰まった箱,0,0.0,0.0,FFFF,6,5.0
642826,Gacha_G_014,使用すると何かを獲得できそうです。右クリックで使用できます。,icon_item_cube1,,,,,,,,,アートトークの資材ボックス,0,0.0,0.0,FFFF,6,5.0
642827,Ruby_Moru_Box,何か特別なものを獲得するために使われそうです。右クリックで使用できます。ルビーの金床 x 10個,icon_item_moringponia_rubymoru_box,,,,,,,,,モリングフォニア：ルビーの金床ボックス,0,0.0,0.0,FFFF,6,0.0
642828,Weekly_Boss_AsioMage_Wing_Cube,使用すると各確率に応じてアシオメイジウィングorクイップメイジウィングを獲得できます。,icon_item_jewelrybox_close,,,,,,,,,アシオメイジウィングボックス,0,0.0,0.0,FFFT,6,0.0
642829,CareBox_Delmore_Hard,報酬用として支給されるボックスです。使用すると次のアイテムの中から1つだけ確率で獲得できます。{nl} - 女神の証(ガビヤ)：1000 x2{nl} - [Lv.470]強化補助材(取引不可)10個ボックス{nl} - [Lv.470]強化補助材(取引不可) 30個ボックス{nl} - [Lv.470]強化補助材(取引不可)50個ボックス{nl} - 復活者パウリウスカード,icon_item_giftbox_4,,,,,,,,,[報酬用]デルムーア激戦地(ハード)クリア報酬ボックス,0,0.0,0.0,FFFT,6,0.0
642901,Gacha_I_001,使用すると何かを獲得できそうです。右クリックで使用できます。,icon_item_cube2,,,,,,,,,シャドウジェイラーのキューブ,0,0.0,0.0,FFFF,6,5.0
642902,Gacha_I_002,使用すると何かを獲得できそうです。右クリックで使用できます。,icon_item_cube2,,,"[490108, 645268, 644131, 649004, 202109, 33028, 34027, 649217, 649207, 490035, 102138, 122134, 142133, 162136, 182132, 202135, 222118, 242130, 252125, 272133, 302105, 312106, 321005, 10095, 11084, 14089, 15084, 16089, 17069, 18055, 13088, 19021, 21006, 12087, 20010, 37010, 31056, 31021, 18034, 12020]",,,,,,{s18}大魔術師ファイアーロードのキューブ,0,0.0,0.0,FFFF,6,5.0
642903,Gacha_I_003,使用すると何かを獲得できそうです。右クリックで使用できます。,icon_item_cube2,,,"[490108, 645268, 644093, 649004, 202109, 33028, 34027, 649217, 649207, 32010, 10089, 13082, 15078, 16083, 18049, 19015, 11081, 12084, 14086, 17066, 490035, 532188, 532189, 522188, 522189, 512188, 512189, 502188, 502189, 602115, 102150, 122150, 142150, 162150, 182150, 202150, 242150, 252150, 272150, 312111]",,,,,,番犬ケルベロスのキューブ,0,0.0,0.0,FFFF,6,5.0
642904,Gacha_I_004,使用すると何かを獲得できそうです。右クリックで使用できます。,icon_item_cube2,,,"[490108, 645268, 644022, 649217, 649207, 273104, 36002, 649203, 490035, 102122, 122118, 142117, 162120, 182116, 202118, 242114, 252111, 272117, 312101]",,,,,,マインローダーのキューブ,0,0.0,0.0,FFFF,6,5.0
642905,Gacha_I_005,使用すると何かを獲得できそうです。右クリックで使用できます。,icon_item_cube2,,,"[490108, 645268, 644080, 649217, 649207, 33025, 36002, 649203, 490035, 583102, 643501, 643502, 643503, 643504, 17023, 532184, 532185, 532186, 522184, 522185, 522186, 512184, 512185, 512186, 502184, 502185, 502186]",,,,,,オレンジハーピアのキューブ,0,0.0,0.0,FFFF,6,5.0
642906,Gacha_I_006,使用すると何かを獲得できそうです。右クリックで使用できます。,icon_item_cube2,,,"[490108, 645268, 644025, 11024, 15022, 14023, 16021, 15023, 20004, 11078, 12081, 14083, 17063, 10092, 13085, 15081, 16086, 18052, 19018, 490035, 10095, 11084, 14089, 15084, 16089, 17069, 18055, 13088, 19021, 21006, 19021, 21006, 12087, 20010, 37010, 31056]",,,,,,マンティケンのキューブ,0,0.0,0.0,FFFF,6,5.0
642907,Gacha_I_007,使用すると何かを獲得できそうです。右クリックで使用できます。,icon_item_cube2,,,"[490108, 645268, 644009, 31019, 649203, 649207, 113001, 490035, 643501, 643502, 643503, 643504, 645485, 645257, 645259, 33016, 33017, 582121, 582122, 602105, 34017]",,,,,,邪悪なネクロヴェンターのキューブ,0,0.0,0.0,FFFF,6,5.0
642908,Gacha_I_008,使用すると何かを獲得できそうです。右クリックで使用できます。,icon_item_cube2,,,"[644033, 490108, 645268, 31021, 18034, 12020, 645257, 490035, 102150, 122150, 142150, 162150, 182150, 202150, 242150, 252150, 272150, 312111]",,,,,,モリックのキューブ,0,0.0,0.0,FFFF,6,5.0
642909,Gacha_I_009,使用すると何かを獲得できそうです。右クリックで使用できます。,icon_item_cube2,,,"[490108, 645268, 644102, 33029, 31045, 490035, 643501, 643502, 643503, 643504, 645634, 645625, 645446]",,,,,,リテリスのキューブ,0,0.0,0.0,FFFF,6,5.0
642910,Gacha_I_010,使用すると何かを獲得できそうです。右クリックで使用できます。,icon_item_cube2,,,"[490108, 645268, 644134, 16024, 223106, 490035, 33067, 532178, 532179, 532180, 522178, 522179, 522180, 512178, 512179, 512180, 502178, 502179, 502180, 11073, 12075, 14077, 17057]",,,,,,フラムミドスのキューブ,0,0.0,0.0,FFFF,6,5.0
642911,Gacha_I_011,使用すると何かを獲得できそうです。右クリックで使用できます。,icon_item_cube2,,,"[490108, 645268, 10083, 11072, 12074, 13075, 14076, 15071, 16076, 17056, 18042, 649004, 490035, 30372, 30376, 30380, 30371, 30375, 30379, 30370, 30374, 30378, 30369, 30373, 30377, 645485, 645257, 645259, 102137, 122133, 142132, 162135, 182131, 202134, 242129, 272132, 302104, 312105]",,,,,,レベンザードのキューブ,0,0.0,0.0,FFFF,6,5.0
642912,Gacha_I_012,使用すると何かを獲得できそうです。右クリックで使用できます。,icon_item_cube2,,,,,,,,,見通しのマンティケンのキューブ,0,0.0,0.0,FFFF,6,5.0
642913,Gacha_I_013,使用すると何かを獲得できそうです。右クリックで使用できます。,icon_item_cube2,,,"[504117, 490108, 645268, 30527, 30528, 30529, 30530, 30531, 30532, 30533, 30534, 30535, 30536, 30537, 30538, 490035, 643501, 643502, 643503, 643504, 645634, 645485, 645257, 645259]",,,,,,ラペネのキューブ,0,0.0,0.0,FFFF,6,5.0
642914,Gacha_I_014,使用すると何かを獲得できそうです。右クリックで使用できます。,icon_item_cube2,,,"[645268, 645268, 10096, 11085, 12088, 31057, 17070, 18060, 32014, 13089, 19022]",,,,,,アルマオスのキューブ,0,0.0,0.0,FFFF,6,5.0
642915,Gacha_I_015,使用すると何かを獲得できそうです。右クリックで使用できます。,icon_item_cube2,,,"[645268, 645268, 14090, 15085, 16090, 20011, 37011, 21007, 644033, 644102, 40035]",,,,,,レッドレベンザードのキューブ,0,0.0,0.0,FFFF,6,5.0
642916,Gacha_I_016,使用すると何かを獲得できそうです。右クリックで使用できます。,icon_item_cube_gold_blow,,,"[649029, 649029, 680000, 680000, 105102, 125102, 145102, 165102, 185102, 205102, 210504, 245102, 255102, 115102, 275102, 315102, 325102, 335102, 305102, 225102, 535104, 535105, 535106, 525104, 525105, 525106, 515104, 515105, 515106, 505104, 505105, 505106, 19004, 633093, 584109, 584110, 604107, 604108, 644909, 695001]",,,,,,(旧)ベルカッパーキューブ,0,0.0,0.0,FFFF,6,5.0
642917,Gacha_ID_330,1番目の避難所レイドダンジョンをクリアして獲得した報酬です。,icon_item_cube5,,,,,,,,,(旧)1番目の避難所レイドダンジョンキューブ,0,0.0,0.0,FFFF,6,1.0
642918,Gacha_ID_50,聖堂地下ダンジョンをクリアして獲得した報酬です。,icon_item_cube2,,,"[490108, 645268, 31019, 649203, 649207, 113001, 490035, 643501, 643502, 643503, 643504, 645485, 645257, 645259, 33016, 33017, 582121, 582122, 602105, 34017, 644046, 649216, 102106, 102107, 142102, 162102, 182102, 202101, 222113, 36002, 601140, 581146]",,,,,,(旧)聖堂地下ダンジョンキューブ,0,0.0,0.0,FFFF,6,1.0
642919,Gacha_ID_120,廃墟の遺跡ダンジョンをクリアして獲得した報酬です。,icon_item_cube2,,,"[490108, 645268, 644009, 649203, 649207, 490035, 643501, 643502, 643503, 643504, 645485, 645257, 645259, 273104, 33025, 583102, 16024, 223106, 33067, 532178, 532179, 532180, 522178, 522179, 522180, 512178, 512179, 512180, 502178, 502179, 502180, 11073, 12075, 14077, 17057, 10083, 11072, 12074, 13075, 14076, 15071, 16076, 17056, 18042, 33064, 34059]",,,,,,(旧)廃墟の遺跡ダンジョンキューブ,0,0.0,0.0,FFFF,6,1.0
642920,Gacha_ID_180,念願の碑石路ダンジョンをクリアして獲得した報酬です。,icon_item_cube2,,,"[490108, 645268, 644134, 490035, 11024, 15022, 14023, 16021, 15023, 20004, 11078, 12081, 14083, 17063, 10092, 13085, 15081, 16086, 18052, 19018, 202109, 33028, 34027, 31021, 18034, 12020, 32010, 10089, 13082, 15078, 16083, 18049, 19015, 11081, 12084, 14086, 17066, 102122, 122118, 142117, 162120, 182116, 202118, 242114, 252111, 272117, 312101, 17023, 532184, 532185, 532186, 522184, 522185, 522186, 512184, 512185, 512186, 502184, 502185, 502186, 33029, 31045, 30372, 30376, 30380, 30371, 30375, 30379, 30370, 30374, 30378, 30369, 30373, 30377, 102137, 122133, 142132, 162135, 182131, 202134, 242129, 272132, 302104, 312105, 645485, 645257, 645259, 649004]",,,,,,(旧)念願の碑石路ダンジョンキューブ,0,0.0,0.0,FFFF,6,1.0
642921,Gacha_ID_230,衰退したルグィン家の邸宅ダンジョンをクリアして獲得した報酬です。,icon_item_cube2,,,"[490108, 645268, 644022, 649217, 649207, 644080, 649203, 643501, 643502, 643503, 643504, 10095, 11084, 14089, 15084, 16089, 17069, 18055, 13088, 19021, 21006, 12087, 20010, 37010, 31056, 102138, 122134, 142133, 162136, 182132, 202135, 222118, 242130, 252125, 272133, 302105, 312106, 321005, 532188, 532189, 522188, 522189, 512188, 512189, 502188, 502189, 602115, 102150, 122150, 142150, 162150, 182150, 202150, 242150, 252150, 272150, 312111, 504117, 30527, 30528, 30529, 30530, 30531, 30532, 30533, 30534, 30535, 30536, 30537, 30538, 649004, 645634, 645485, 645257, 645259]",,,,,,衰退したルグィン家の邸宅ダンジョンキューブ,0,0.0,0.0,FFFF,6,1.0
642922,Gacha_ID_270,カタコム地下ダンジョンをクリアして獲得した報酬です。,icon_item_cube2,,,"[490108, 645268, 644025, 490035, 645485, 645257, 645259, 649004, 645634, 649217, 649207, 649203, 643501, 643502, 643503, 643504]",,,,,,カタコム地下ダンジョンキューブ,0,0.0,0.0,FFFF,6,1.0
642923,Gacha_ID_300_Red,キャッスルダンジョンをクリアして獲得した報酬です。,icon_item_cube4,,,"[645268, 645268, 14090, 15085, 16090, 20011, 37011, 21007, 644033, 644102, 40035, 649015, 14091, 15086, 40036, 16091, 13090, 20012, 37012, 21008]",,,,,,{s20}キャッスルダンジョンキューブ：レッド,0,0.0,0.0,FFFF,6,1.0
642924,Gacha_ID_300_Blue,キャッスルダンジョンをクリアして獲得した報酬です。,icon_item_cube2,,,"[645268, 645268, 10096, 11085, 12088, 31057, 17070, 18060, 32014, 13089, 19022, 649015, 11086, 10097, 12089, 31058, 17071, 18061, 32015, 19023]",,,,,,{s20}キャッスルダンジョンキューブ：ブルー,0,0.0,0.0,FFFF,6,1.0
642925,Gacha_ID_300,キャッスルダンジョンをクリアして獲得した報酬です。,icon_item_cube2,,,"[645268, 645268, 14090, 15085, 16090, 20011, 37011, 21007, 644141, 644145, 40035, 649015, 14091, 15086, 40036, 16091, 13090, 20012, 37012, 21008, 10096, 11085, 12088, 31057, 17070, 18060, 32014, 13089, 19022, 11086, 10097, 12089, 31058, 17071, 18061, 32015, 19023]",,,,,,(旧)キャッスル地下ダンジョンキューブ,0,0.0,0.0,FFFF,6,1.0
642926,Gacha_ID_330_LegCard,1番目の避難所レイドダンジョンをクリアして獲得した報酬です。,icon_item_cube_gold,,,"[642945, 104117, 124117, 144118, 274117, 164117, 184117, 204119, 244118, 254119, 314112, 304110, 334108, 114013, 210407, 224113, 324108, 534133, 534134, 534135, 524133, 524134, 524135, 514136, 514137, 514138, 504134, 504135, 504136, 9025, 644907, 694005]",,,,,,(旧)1番目の避難所レイドダンジョンキューブ,0,0.0,0.0,FFFF,6,1.0
642927,Gacha_ID_360_LegCard,幻想図書館: サウシス9館をクリアして受け取った報酬です。,icon_item_cube_gold,,,"[649026, 649026, 649026, 649026, 649026, 649026, 649014, 513319, 504112, 584115, 584116, 584117, 604115, 604116, 604117, 644910]",,,,,,幻想図書館: サウシス9館ダンジョンキューブ,0,0.0,0.0,FFFF,6,1.0
642928,Gacha_ID_330_Ranko,ランコ湖ダンジョンをクリアして受け取った報酬です。,icon_item_cube2,,,"[645268, 645268, 649012, 649013, 649027, 649028, 645694, 649009, 644148]",,,,,,(旧)ランコ湖ダンジョンキューブ,0,0.0,0.0,FFFF,6,1.0
642929,Gacha_ID_380_Asio,使用すると何かを獲得できそうです。右クリックで使用できます。,icon_item_cube_gold_blow,,,"[642930, 649014, 104120, 124120, 144120, 274120, 164120, 184120, 204122, 244121, 254122, 314115, 304113, 334111, 114016, 210411, 224116, 324111, 9025, 644911, 694007]",,,,,,アシオメイジの実験室レイドキューブ,0,0.0,0.0,FFFF,6,5.0
642930,Gacha_ID_380_Asio_Piece,右クリックで使用できます。{nl} {nl}使用すると、残った数量を全て消費し、消費したアイテム1個ごとに、傭兵団のコインを50個獲得します。{nl} {nl}該当アイテムを通じて獲得した傭兵団のコインは、傭兵団のコイン週間獲得量の上限に含まれません。,item_icon_asiomage_stone,,[642929],,,,,,,霊魂の欠片: アシオメイジ,0,0.0,0.0,FFFT,6,5.0
642931,Gacha_ID_380_Weistrel,使用すると何かを獲得できそうです。右クリックで使用できます。,icon_item_cube_gold_blow,,,"[642932, 649014, 104119, 124119, 144121, 274119, 164119, 184119, 204121, 244120, 254121, 314114, 304112, 334110, 114015, 210410, 224115, 324110, 9025, 644912, 694006]",,,,,,魔法実験区域レイドキューブ,0,0.0,0.0,FFFF,6,5.0
642932,Gacha_ID_380_Weistrel_Piece,右クリックで使用できます。{nl} {nl}使用すると、残った数量を全て消費し、消費したアイテム1個ごとに、傭兵団のコインを50個獲得します。{nl} {nl}該当アイテムを通じて獲得した傭兵団のコインは、傭兵団のコイン週間獲得量の上限に含まれません。,item_icon_weistrel_stone,,[642931],,,,,,,霊魂の欠片: ウェイストラル,0,0.0,0.0,FFFT,6,5.0
642933,Gacha_I_017,使用すると何かを獲得できそうです。右クリックで使用できます。,icon_item_cube_gold_blow,,,,,,,,,ベルカッパーキューブ,0,0.0,0.0,FFFF,6,5.0
642934,Gacha_ID_380_ignas,使用すると何かを獲得できそうです。右クリックで使用できます。,icon_item_cube_gold_blow,,,"[642935, 649014, 534139, 534140, 534141, 524139, 524140, 524141, 504141, 504142, 504143, 514139, 514140, 514141, 9025, 644913]",,,,,,星の塔閉鎖区域レイドキューブ,0,0.0,0.0,FFFF,6,5.0
642935,Gacha_ID_380_ignas_Piece,右クリックで使用できます。{nl} {nl}使用すると、残った数量を全て消費し、消費したアイテム1個ごとに、傭兵団のコインを50個獲得します。{nl} {nl}該当アイテムを通じて獲得した傭兵団のコインは、傭兵団のコイン週間獲得量の上限に含まれません。,item_icon_ignas_stone,,[642934],,,,,,,霊魂の欠片：イグナス,0,0.0,0.0,FFFT,6,5.0
642936,Gacha_G_boruta,ボルタ討伐に貢献したギルドに支給される報酬です。使用すると何かを獲得できそうです。右クリックで使用できます。,icon_item_cube_gold_first,,,,,,,,,輝くボルタキューブ,0,0.0,0.0,FFFF,6,5.0
642937,Gacha_T_boruta,ボルタ討伐に貢献したプレイヤーに支給される報酬です。使用すると何かを獲得できそうです。右クリックで使用できます。,icon_item_cube_gold_blow,,,,,,,,,ボルタキューブ,0,0.0,0.0,FFFF,6,5.0
642938,Gacha_R_boruta,栄誉の勲章：ボルタで交換できる袋です。右クリックで使用できます。 {nl}使用すると次のアイテムの中から1種を確率で獲得します。{nl} {nl} - 女神の祝福石×3{nl} - 女神の祝福石×5{nl} - 魔精石×1{nl} - 魔精石×2{nl} - 製造書 -ドラコナス・ファシウテスネックレスx1{nl} - 製造書 - ドラコナス・リヌキシートネックレス×1{nl} - 製造書 - ドラコナス・カイトムーアネックレス×1{nl} - 製造書 - ドラコナス・フリエノネックレス×1{nl} - 製造書 - ドラコナス・ファシウテスブレスレット×1{nl} - 製造書 - ドラコナス・リヌキシートブレスレット×1{nl} - 製造書 - ドラコナス・カイトムーアブレスレット×1{nl} - 製造書 - ドラコナス・フリエノブレスレット×1{nl} - ボルタエンブレム - ソードマン×1{nl} - ボルタエンブレム - アーチャー×1{nl} - ボルタエンブレム - ウィザード×1{nl} - ボルタエンブレム - クレリック×1{nl} - ボルタエンブレム - スカウト×1,gacha_h_010,,,,,,,,,ボルタパック,0,0.0,0.0,FFFF,6,5.0
642939,Gacha_iredian_390,使用すると何かを獲得できそうです。右クリックで使用できます。,icon_item_cube_gold_blow,,,"[645783, 647011, 34090, 34091, 34092, 34093, 613001, 613002, 613003, 613004, 613005]",,,,,,イレディアンキューブ,0,0.0,0.0,FFFF,6,5.0
642940,Gacha_ID_grade1,聖堂地下ダンジョンをクリアして獲得した報酬です。,icon_item_cube2,,,"[645268, 644046]",,,,,,聖堂地下ダンジョンキューブ,0,0.0,0.0,FFFF,6,1.0
642941,Gacha_ID_grade2,廃墟の遺跡ダンジョンをクリアして獲得した報酬です。,icon_item_cube2,,,"[645268, 644009]",,,,,,廃墟の遺跡ダンジョンキューブ,0,0.0,0.0,FFFF,6,1.0
642942,Gacha_ID_grade3,念願の碑石路ダンジョンをクリアして獲得した報酬です。,icon_item_cube2,,,"[645268, 644134]",,,,,,念願の碑石路ダンジョンキューブ,0,0.0,0.0,FFFF,6,1.0
642943,Gacha_ID_grade4,キャッスル地下ダンジョンをクリアして獲得した報酬です。,icon_item_cube2,,,"[645268, 644145, 644141]",,,,,,キャッスル地下ダンジョンキューブ,0,0.0,0.0,FFFF,6,1.0
642944,Gacha_ID_grade5,ランコ湖ダンジョンをクリアして受け取った報酬です。,icon_item_cube2,,,"[645268, 644148]",,,,,,ランコ湖ダンジョンキューブ,0,0.0,0.0,FFFF,6,1.0
642945,Gacha_ID_315_Piece,右クリックで使用できます。{nl} {nl}使用すると、残った数量を全て消費し、消費したアイテム1個ごとに、傭兵団のコインを50個獲得します。{nl} {nl}該当アイテムを通じて獲得した傭兵団のコインは、傭兵団のコイン週間獲得量の上限に含まれません。,icon_item_kukery_soulstone,,[642926],,,,,,,霊魂の欠片:霊験あらたかなクゲリバルザマンサー,0,0.0,0.0,FFFT,6,5.0
642946,Gacha_ID_330_LegCard_NEW,1番目の避難所レイドダンジョンをクリアして獲得した報酬です。,icon_item_cube_gold,,,,,,,,,1番目の避難所レイドダンジョンキューブ,0,0.0,0.0,FFFF,6,1.0
642947,Gacha_Unique_400_Piece,右クリックで使用できます。{nl} {nl}使用すると、残った数量を全て消費し、消費したアイテム1個ごとに、傭兵団のコインを50個獲得します。{nl} {nl}該当アイテムを通じて獲得した傭兵団のコインは、傭兵団のコイン週間獲得量の上限に含まれません。,icon_item_skiaclipse_stone,,[642948],,,,,,,霊魂の欠片:スキアクリプス,0,0.0,0.0,FFFT,6,5.0
642948,Gacha_Unique_400,白カラスの永眠地レイドをクリアして手に入れた報酬です。,icon_item_cube_gold,,,"[642947, 30801, 30802, 30804, 30803, 30601, 30602, 30604, 30603, 30701, 30702, 30704, 30703, 50032, 50033, 50037, 50038, 50036, 50035, 50044, 50047, 50040, 50041, 50039, 50042, 50046, 50034, 50043, 50045, 50048, 50049, 50050, 50051, 50052, 50053, 50062, 50063, 50065, 50064, 50054, 50055, 50057, 50056, 50058, 50059, 50061, 50060, 104122, 124122, 204124, 210413, 184122, 164122, 304117, 334114, 244123, 254124, 224118, 114018, 324114, 144123, 274122, 314119, 534147, 524147, 504149, 514147, 534145, 524145, 504147, 514145, 534146, 524146, 504148, 514146, 204125, 210414, 274123, 274124, 314120, 114019, 534150, 524150, 504152, 514150, 534148, 524148, 504150, 514148, 534149, 524149, 504151, 514149, 644150, 9025, 649014, 694008]",,,,,,(旧)白カラスの永眠地キューブ,0,0.0,0.0,FFFF,6,1.0
642949,Gacha_Legend_400,白カラスの永眠地レジェンドレイドをクリアして獲得した報酬です。,icon_item_cube_gold_blow,,,"[105104, 125104, 145104, 165104, 185104, 205104, 210506, 225104, 245104, 255104, 115104, 275104, 305104, 315104, 325106, 335104, 535110, 535111, 535112, 525110, 525111, 525112, 515110, 515111, 515112, 505110, 505111, 505112, 10017, 633216, 644923, 649030, 695003]",,,,,,白カラスの永眠地レジェンドキューブ,0,0.0,0.0,FFFF,6,1.0
642950,Gacha_Unique_2_400,白カラスの永眠地レイドをクリアして手に入れた報酬です。,icon_item_cube_gold,,,,,,,,,白カラスの永眠地キューブ,0,0.0,0.0,FFFF,6,1.0
642951,Gacha_boruta2_Guild,使用すると何かを獲得できそうです。右クリックで使用できます。,gacha_h_010,,,,,,,,,ボルタパック:ギルド,0,0.0,0.0,FFFF,6,5.0
642952,Gacha_boruta2_Guild_Seal,使用すると何かを獲得できそうです。右クリックで使用できます。,icon_item_jewelrybox_close,,,,,,,,,ボルタエンブレムボックス:ギルド,0,0.0,0.0,FFFF,6,5.0
642953,Gacha_Legend_ID_Underground_waterway,外城壁の地下水路をクリアして獲得した報酬です。,icon_item_cube_gold_blow,,,"[644925, 644152, 9033, 50066, 50067, 50071, 50072, 50070, 50069, 50078, 50081, 50074, 50075, 50073, 50076, 50080, 50068, 50077, 50079, 50082, 50085, 50091, 50088, 50083, 50086, 50092, 50089, 50084, 50087, 50093, 50090, 647011, 642954, 50101]",,,,,,外城壁の地下水路レジェンドキューブ,0,0.0,0.0,FFFF,6,1.0
642954,Gacha_Legend_ID_Underground_waterway_piece,右クリックで使用できます。{nl} {nl}使用すると、残った数量を全て消費し、消費したアイテム1個ごとに、傭兵団のコインを50個獲得します。{nl} {nl}該当アイテムを通じて獲得した傭兵団のコインは、傭兵団のコイン週間獲得量の上限に含まれません。,icon_item_musruse_stone,,[642953],,,,,,,霊魂の欠片：マーズルース,0,0.0,0.0,FFFT,6,5.0
642955,Gacha_ID_Frost_Piece,右クリックで使用できます。{nl} {nl}使用すると、残った数量を全て消費し、消費したアイテム1個ごとに、傭兵団のコインを50個獲得します。{nl} {nl}該当アイテムを通じて獲得した傭兵団のコインは、傭兵団のコイン週間獲得量の上限に含まれません。,item_icon_froster_load_stone,,,,,,,,,霊魂の欠片：フロスターロッド,0,0.0,0.0,FFFT,6,5.0
642956,Gacha_MothRaid_piece,右クリックで使用できます。{nl} {nl}使用すると、残った数量を全て消費し、消費したアイテム1個ごとに、傭兵団のコインを50個獲得します。{nl} {nl}該当アイテムを通じて獲得した傭兵団のコインは、傭兵団のコイン週間獲得量の上限に含まれません。,icon_item_misc_tantaliser,,[642957],,,,,,,霊魂の欠片: モリングフォニア,0,0.0,0.0,FFFT,6,5.0
642957,Gacha_Unique_MothRaid,蝶目の接線地ユニークレイドをクリアして獲得した報酬です。,icon_item_cube_gold,,,"[642956, 50094, 50095, 50096, 50097, 50098, 50099, 633253, 633254, 633264, 633265, 10028, 10029, 10031, 10032, 628355, 628356, 644153]",,,,,,モリングフォニアユニークレイドキューブ,0,0.0,0.0,FFFF,6,1.0
642958,Gacha_Legend_MothRaid,蝶目の接線地のレジェンドレイドをクリアして受け取った報酬です。,icon_item_cube_gold_blow,,,"[699021, 637034, 637035, 637037, 637038, 585008, 585009, 585010, 585011, 585012, 644927, 605008, 605009, 605010, 605011, 605012]",,,,,,モリングフォニアレジェンドレイドキューブ,0,0.0,0.0,FFFF,6,1.0
642959,Gacha_Legend_MothRaid_Hard,蝶目の接線地レジェンドレイド(ハード)をクリアして獲得した報酬です。,icon_item_cube_gold_blow,,,"[699037, 649033, 11000000, 11000001, 11000002, 11000003, 11000004, 11000005, 11000006, 11001001, 11001002, 11001003, 11001004, 11001005, 11001006, 11001007]",,,,,,モリングフォニアレジェンドレイドキューブ,0,0.0,0.0,FFFF,6,1.0
642960,Gacha_Unique_Glacier,白き魔女の森ユニークレイドをクリアして獲得した報酬です。,icon_item_cube_gold_blow,,,"[642961, 50119, 50120, 50121, 50122, 50123, 50124, 50125, 50126, 50127, 50128, 50129, 50130, 50131, 50132, 50133, 50134, 50135, 50136, 50137, 50138, 50139, 50140, 50141, 50142, 50143, 50144, 50145, 50146, 50147, 644159]",,,,,,グレイシアユニークレイドキューブ,0,0.0,0.0,FFFF,6,1.0
642961,Gacha_Unique_430_Piece,右クリックで使用できます。{nl} {nl}使用すると、残った数量を全て消費し、消費したアイテム1個ごとに、傭兵団のコインを50個獲得します。{nl} {nl}該当アイテムを通じて獲得した傭兵団のコインは、傭兵団のコイン週間獲得量の上限に含まれません。,icon_item_glacier_stone,,[642960],,,,,,,霊魂の欠片：グレイシア,0,0.0,0.0,FFFT,6,5.0
642962,Gacha_Legend_Glacier_Easy,白き魔女の森レジェンドレイド(イージー)をクリアして獲得した報酬です。,icon_item_cube_gold_blow,,,,,,,,,グレイシアレジェンドレイドキューブ(イージー),0,0.0,0.0,FFFF,6,1.0
642963,Gacha_Legend_Glacier_Normal,白き魔女の森レジェンドレイド(ノーマル)をクリアして獲得した報酬です。,icon_item_cube_gold_blow,,,[644928],,,,,,グレイシアレジェンドレイドキューブ(ノーマル),0,0.0,0.0,FFFF,6,1.0
642964,Gacha_Legend_Glacier_Hard,白き魔女の森レジェンドレイド(ハード)をクリアして獲得した報酬です。,icon_item_cube_gold_blow,,,[644928],,,,,,グレイシアレジェンドレイドキューブ(ハード),0,0.0,0.0,FFFF,6,1.0
642965,Gacha_Legend_MothRaid_Solo_Dummy, ,icon_item_cube_gold_blow,,,"[699023, 699021, 10028, 10029, 10031, 10032, 633264, 633265, 633253, 633254, 637034, 637035, 637037, 637038, 644927, 699037]",,,,,,モリングフォニアレジェンドレイドキューブ(1人),0,0.0,0.0,FFFF,6,1.0
642966,Gacha_TelHarsha_Solo_Dummy, ,icon_item_cube_gold_blow,,,"[647011, 649014, 644929, 610001, 610002, 610003, 610004, 610005, 699040, 649037]",,,,,,テルハルシャフリーダンジョンレイドキューブ(1人),0,0.0,0.0,FFFF,6,1.0
642967,Gacha_Legend_Guilty_Normal_Dummy, ,icon_item_cube_gold_blow,,,[644932],,,,,,ギルティネレジェンドレイドキューブ,0,0.0,0.0,FFFF,6,1.0
642968,Gacha_Legend_Guilty_Auto_Dummy, ,icon_item_cube_gold_blow,,,,,,,,,ギルティネレジェンド自動マッチング,0,0.0,0.0,FFFF,6,1.0
642969,Gacha_Goddess_Vasilisa_Hard_Dummy, ,icon_item_cube_gold_blow,,,[644933],,,,,,ヴァシリーサゴッデスレイド,0,0.0,0.0,FFFF,6,1.0
642970,Gacha_Goddess_Vasilisa_Auto_Dummy, ,icon_item_cube_gold_blow,,,,,,,,,ヴァシリーサ自動マッチングレイド,0,0.0,0.0,FFFF,6,1.0
642971,Gacha_Goddess_Vasilisa_Solo_Dummy, ,icon_item_cube_gold_blow,,,,,,,,,ヴァシリーサ1人レイド,0,0.0,0.0,FFFF,6,1.0
642972,Gacha_Goddess_RevivalPaulius_Party_Dummy, ,icon_item_cube_gold_blow,,,[644934],,,,,,復活者パウリウスゴッデスレイド,0,0.0,0.0,FFFF,6,1.0
642973,Gacha_Goddess_RevivalPaulius_Auto_Dummy, ,icon_item_cube_gold_blow,,,,,,,,,復活者パウリウス自動マッチングレイド,0,0.0,0.0,FFFF,6,1.0
642974,Gacha_Goddess_RevivalPaulius_Solo_Dummy, ,icon_item_cube_gold_blow,,,,,,,,,復活者パウリウス1人レイド,0,0.0,0.0,FFFF,6,1.0
642975,Gacha_EarringRaid_Solo_Dummy, ,icon_item_cube_gold_blow,,,,,,,,,ゴッデスメッセージ：焔の記憶1人,0,0.0,0.0,FFFF,6,1.0
642976,Gacha_EarringRaid_Party_Dummy, ,icon_item_cube_gold_blow,,,,,,,,,ゴッデスメッセージ：焔の記憶PT(ノーマル),0,0.0,0.0,FFFF,6,1.0
642977,Gacha_EarringRaid_PartyHard_Dummy, ,icon_item_cube_gold_blow,,,,,,,,,ゴッデスメッセージ：焔の記憶(ハード),0,0.0,0.0,FFFF,6,1.0
642978,Gacha_Goddess_Jellyzele_Party_Dummy, ,icon_item_cube_gold_blow,,,[644935],,,,,,ジェリージェルゴッデスレイド,0,0.0,0.0,FFFF,6,1.0
642979,Gacha_Goddess_Jellyzele_Auto_Dummy, ,icon_item_cube_gold_blow,,,,,,,,,ジェリージェル自動マッチングレイド,0,0.0,0.0,FFFF,6,1.0
642980,Gacha_Goddess_Jellyzele_Solo_Dummy, ,icon_item_cube_gold_blow,,,,,,,,,ジェリージェル1人レイド,0,0.0,0.0,FFFF,6,1.0
642981,Gacha_Goddess_Spreader_Party_Dummy, ,icon_item_cube_gold_blow,,,[644936],,,,,,変性のプロパゲーター ゴッデスレイド,0,0.0,0.0,FFFF,6,1.0
642982,Gacha_Goddess_Spreader_Auto_Dummy, ,icon_item_cube_gold_blow,,,,,,,,,変性のプロパゲーター 自動マッチングレイド,0,0.0,0.0,FFFF,6,1.0
642983,Gacha_Goddess_Spreader_Solo_Dummy, ,icon_item_cube_gold_blow,,,,,,,,,変性のプロパゲーター 1人レイド,0,0.0,0.0,FFFF,6,1.0
642984,Gacha_Goddess_Falouros_Party_Dummy, ,icon_item_cube_gold_blow,,,[644937],,,,,,ファロウロスゴッデスレイド,0,0.0,0.0,FFFF,6,1.0
642985,Gacha_Goddess_Falouros_Auto_Dummy, ,icon_item_cube_gold_blow,,,,,,,,,ファロウロス自動マッチングレイド,0,0.0,0.0,FFFF,6,1.0
642986,Gacha_Goddess_Falouros_Solo_Dummy, ,icon_item_cube_gold_blow,,,,,,,,,ファロウロス1人レイド,0,0.0,0.0,FFFF,6,1.0
642987,Gacha_Goddess_Roze_Party_Dummy, ,icon_item_cube_gold_blow,,,[644938],,,,,,救済の香炉 ゴッデスレイド,0,0.0,0.0,FFFF,6,1.0
642988,Gacha_Goddess_Roze_Auto_Dummy, ,icon_item_cube_gold_blow,,,,,,,,,救済の香炉 自動マッチングレイド,0,0.0,0.0,FFFF,6,1.0
642989,Gacha_Goddess_Roze_Solo_Dummy, ,icon_item_cube_gold_blow,,,,,,,,,救済の香炉 1人レイド,0,0.0,0.0,FFFF,6,1.0
642990,Gacha_BridgeWailing_Party, ,icon_item_cube_gold_blow,,,[50213],,,,,,嘆きの墓地,0,0.0,0.0,FFFF,6,1.0
642991,Gacha_Goddess_DreamyForest_Party_Dummy, ,icon_item_cube_gold_blow,,,[644939],,,,,,夢幻の森ゴッデスレイド,0,0.0,0.0,FFFF,6,1.0
642992,Gacha_Goddess_DreamyForest_Auto_Dummy, ,icon_item_cube_gold_blow,,,,,,,,,夢幻の森自動マッチングレイド,0,0.0,0.0,FFFF,6,1.0
642993,Gacha_Goddess_DreamyForest_Solo_Dummy, ,icon_item_cube_gold_blow,,,,,,,,,夢幻の森1人レイド,0,0.0,0.0,FFFF,6,1.0
642994,Gacha_Goddess_AbyssalObserver_Party_Dummy, ,icon_item_cube_gold_blow,,,,,,,,,深淵の観測者ゴッデスレイド,0,0.0,0.0,FFFF,6,1.0
642995,Gacha_Goddess_AbyssalObserver_Auto_Dummy, ,icon_item_cube_gold_blow,,,,,,,,,深淵の観測者自動マッチングレイド,0,0.0,0.0,FFFF,6,1.0
642996,Gacha_Goddess_AbyssalObserver_Solo_Dummy, ,icon_item_cube_gold_blow,,,,,,,,,深淵の観測者1人レイド,0,0.0,0.0,FFFF,6,1.0
699041,Piece_BorutaSeal,使用時に10個消費して次のアイテムの内の一つをランダムで獲得します。{nl} - ボルタエンブレム - ソードマン{nl} - ボルタエンブレム - ウィザード{nl} - ボルタエンブレム - クレリック{nl} - ボルタエンブレム - アーチャー{nl} - ボルタエンブレム - スカウト,icon_item_piece_boruta_seal,,,,,,,,,ボルタエンブレムの破片,0,0.0,0.0,TFFT,6,1.0
800001,Cube_FD_Weapon_75,75Lvの未鑑定レア武器アイテムの中から一つ獲得できる箱です。,icon_item_cube3,,,,,,,,,未鑑定武器キューブ (Lv.75),0,0.0,0.0,FFFT,6,5.0
800002,Cube_FD_Armor_75,75Lvの未鑑定レア防具アイテムの中から一つ獲得できる箱です。,icon_item_cube3,,,,,,,,,未鑑定防具キューブ (Lv.75),0,0.0,0.0,FFFT,6,5.0
800003,Cube_FD_Weapon_120,120Lvの未鑑定レア武器アイテムの中から一つ獲得できる箱です。,icon_item_cube3,,,,,,,,,未鑑定武器キューブ (Lv. 120),0,0.0,0.0,FFFT,6,5.0
800004,Cube_FD_Armor_120,120Lvの未鑑定レア防具アイテムの中から一つ獲得できる箱です。,icon_item_cube3,,,,,,,,,未鑑定防具キューブ (Lv. 120),0,0.0,0.0,FFFT,6,5.0
800005,Cube_FD_Weapon_170,170Lvの未鑑定レア武器アイテムの中から一つ獲得できる箱です。,icon_item_cube3,,,,,,,,,未鑑定武器キューブ (Lv. 170),0,0.0,0.0,FFFT,6,5.0
800006,Cube_FD_Armor_170,170Lvの未鑑定レア防具アイテムの中から一つ獲得できる箱です。,icon_item_cube3,,,,,,,,,未鑑定防具キューブ (Lv. 170),0,0.0,0.0,FFFT,6,5.0
800007,Cube_FD_Weapon_220,220Lvの未鑑定レア武器アイテムの中から一つ獲得できる箱です。,icon_item_cube3,,,,,,,,,未鑑定武器キューブ (Lv. 220),0,0.0,0.0,FFFT,6,5.0
800008,Cube_FD_Armor_220,220Lvの未鑑定レア防具アイテムの中から一つ獲得できる箱です。,icon_item_cube3,,,,,,,,,未鑑定防具キューブ (Lv. 220),0,0.0,0.0,FFFT,6,5.0
800009,Cube_FD_Weapon_270_Magic,270Lvの未鑑定マジック武器アイテムの中から一つ獲得できる箱です。,icon_item_cube2,,,,,,,,,未鑑定武器キューブ (Lv. 270),0,0.0,0.0,FFFT,6,5.0
800010,Cube_FD_Armor_270_Magic,270Lvの未鑑定マジック防具アイテムの中から一つ獲得できる箱です。,icon_item_cube3,,,,,,,,,未鑑定防具キューブ (Lv. 270),0,0.0,0.0,FFFT,6,5.0
800011,Cube_FD_Weapon_270_Rare,270Lvの未鑑定レア武器アイテムの中から一つ獲得できる箱です。,icon_item_cube3,,,,,,,,,未鑑定武器キューブ (Lv. 270),0,0.0,0.0,FFFT,6,5.0
800012,Cube_FD_Armor_270_Rare,270Lvの未鑑定レア防具アイテムの中から一つ獲得できる箱です。,icon_item_cube3,,,,,,,,,未鑑定防具キューブ (Lv. 270),0,0.0,0.0,FFFT,6,5.0
800013,Cube_FD_Weapon_315_Magic,315Lvの未鑑定マジック武器アイテムの中から一つ獲得できる箱です。,icon_item_cube2,,,,,,,,,未鑑定武器キューブ (Lv. 315),0,0.0,0.0,FFFT,6,5.0
800014,Cube_FD_Armor_315_Magic,315Lvの未鑑定マジック防具アイテムの中から一つ獲得できる箱です。,icon_item_cube2,,,,,,,,,未鑑定防具キューブ (Lv. 315),0,0.0,0.0,FFFT,6,5.0
800015,Cube_FD_Weapon_315_Rare,315Lvの未鑑定レア武器アイテムの中から一つ獲得できる箱です。,icon_item_cube3,,,,,,,,,未鑑定武器キューブ (Lv. 315),0,0.0,0.0,FFFT,6,5.0
800016,Cube_FD_Armor_315_Rare,315Lvの未鑑定レア防具アイテムの中から一つ獲得できる箱です。,icon_item_cube3,,,,,,,,,未鑑定防具キューブ (Lv. 315),0,0.0,0.0,FFFT,6,5.0
801000,Cube_Challenge_01,使用すると何かを獲得できそうです。右クリックで使用できます。,icon_item_challenge_cube_01,,,,,,,,,Lv300チャレンジ報酬キューブ,0,0.0,0.0,FFFT,6,1.0
801001,Cube_Challenge_02,使用すると何かを獲得できそうです。右クリックで使用できます。,icon_item_challenge_cube_01,,,,,,,,,Lv200チャレンジ報酬キューブ,0,0.0,0.0,FFFT,6,1.0
801002,Cube_Challenge_01_Add,使用すると何かを獲得できそうです。右クリックで使用できます。,icon_item_challenge_cube_02,,,,,,,,,輝くLv300チャレンジ報酬キューブ,0,0.0,0.0,FFFT,6,1.0
801003,Cube_Challenge_03,使用すると何かを獲得できそうです。右クリックで使用できます。,icon_item_challenge_cube_01,,,,,,,,,Lv100 チャレンジ報酬キューブ,0,0.0,0.0,FFFT,6,1.0
900111,Event_160714_1,使用すると、任意のアイテムを獲得できます。,icon_item_eventbox_knight,,,,,,,,,ブレスレット箱(7日),0,2.0,604800.0,FFFF,6,0.0
900112,Event_160714_2,使用すると、任意のヘアカラーを獲得できます。,icon_item_jewelrybox,,,,,,,,,ヘアカラー箱(7日),0,2.0,604800.0,FFFF,6,0.0
900133,Event_160929_1,使用すると何かを獲得できそうです。右クリックで使用できます。,icon_item_eventcube1,,,,,,,,,ブラックキューブ,0,2.0,86400.0,FFFF,6,1.0
900134,Event_160929_2,使用すると何かを獲得できそうです。右クリックで使用できます。,icon_item_eventcube2,,,,,,,,,シルバーキューブ,0,2.0,86400.0,FFFF,6,1.0
900135,Event_160929_3,使用すると何かを獲得できそうです。右クリックで使用できます。,icon_item_eventcube3,,,,,,,,,ゴールドキューブ,0,2.0,86400.0,FFFF,6,1.0
900147,Event_170117_1,使用すると何かを獲得できそうです。右クリックで使用すると、それぞれの確率によって中身の中で1個を獲得できます。アイテムはお知らせにてご案内した日時に削除されます。,icon_item_eventcube1,,,,,,,,,プリズンキューブ,0,0.0,0.0,FFFF,6,5.0
900148,Event_SakuraCube_170405,使用すると何かを獲得できそうです。マウス右クリックで使用すると、それぞれの確率によって中身の中で1個を獲得できます。,icon_item_sakuracube,,,,,,,,,桜色キューブ,0,0.0,0.0,FFFF,6,0.0
900149,Event_170404_1,使用すると何かを獲得できそうです。マウス右クリックで使用すると、それぞれの確率によって中身の中で1個を獲得できます。,icon_item_eventcube2,,,,,,,,,本日のキューブ Lv.1,0,0.0,0.0,FFFF,6,0.0
900150,Event_170404_2,使用すると何かを獲得できそうです。マウス右クリックで使用すると、それぞれの確率によって中身の中で1個を獲得できます。,icon_item_eventcube2,,,,,,,,,本日のキューブ Lv.2,0,0.0,0.0,FFFF,6,0.0
900151,Event_170404_3,使用すると何かを獲得できそうです。マウス右クリックで使用すると、それぞれの確率によって中身の中で1個を獲得できます。,icon_item_eventcube2,,,,,,,,,本日のキューブ Lv.3,0,0.0,0.0,FFFF,6,0.0
900152,Event_170404_4,使用すると何かを獲得できそうです。マウス右クリックで使用すると、それぞれの確率によって中身の中で1個を獲得できます。,icon_item_eventcube2,,,,,,,,,本日のキューブ Lv.4,0,0.0,0.0,FFFF,6,0.0
900153,Event_170404_5,使用すると何かを獲得できそうです。マウス右クリックで使用すると、それぞれの確率によって中身の中で1個を獲得できます。,icon_item_eventcube2,,,,,,,,,本日のキューブ Lv.5,0,0.0,0.0,FFFF,6,0.0
900154,Event_170404_6,使用すると何かを獲得できそうです。マウス右クリックで使用すると、それぞれの確率によって中身の中で1個を獲得できます。,icon_item_eventcube2,,,,,,,,,本日のキューブ Lv.6,0,0.0,0.0,FFFF,6,0.0
900219,Event_Valen_Choco_cube_1,片思いをしている少女に愛のチョコレートを渡し、お返しにもらったキューブです。右クリックで使用します。,icon_item_quest_00017,,,,,,,,,感謝のキューブ,0,0.0,0.0,FFFF,6,0.0
900220,Event_Valen_Choco_cube_2,片思いをしている少女に愛のチョコレートを渡し、お返しにもらったキューブです。右クリックで使用します。,icon_item_eventcube3,,,,,,,,,1段階のチョコキューブ,0,0.0,0.0,FFFF,6,0.0
900221,Event_Valen_Choco_cube_3,片思いをしている少女に愛のチョコレートを渡し、お返しにもらったキューブです。右クリックで使用します。,icon_item_eventcube3,,,,,,,,,2段階のチョコキューブ,0,0.0,0.0,FFFF,6,0.0
900222,Event_Valen_Choco_cube_4,片思いをしている少女に愛のチョコレートを渡し、お返しにもらったキューブです。右クリックで使用します。,icon_item_eventcube3,,,,,,,,,3段階のチョコキューブ,0,0.0,0.0,FFFF,6,0.0
900223,Event_Valen_Choco_cube_5,片思いをしている少女に愛のチョコレートを渡し、お返しにもらったキューブです。右クリックで使用します。,icon_item_eventcube3,,,,,,,,,4段階のチョコキューブ,0,0.0,0.0,FFFF,6,0.0
900224,Event_Valen_Choco_cube_6,片思いをしている少女に愛のチョコレートを渡し、お返しにもらったキューブです。右クリックで使用します。,icon_item_eventcube3,,,,,,,,,5段階のチョコキューブ,0,0.0,0.0,FFFF,6,0.0
900225,Event_Valen_Choco_cube_7,片思いをしている少女に愛のチョコレートを渡し、お返しにもらったキューブです。右クリックで使用します。,icon_item_eventcube3,,,,,,,,,6段階のチョコキューブ,0,0.0,0.0,FFFF,6,0.0
900226,Event_Valen_Choco_cube_8,片思いをしている少女に愛のチョコレートを渡し、お返しにもらったキューブです。右クリックで使用します。,icon_item_eventcube3,,,,,,,,,7段階のチョコキューブ,0,0.0,0.0,FFFF,6,0.0
900227,Event_Valen_Choco_cube_9,片思いをしている少女に愛のチョコレートを渡し、お返しにもらったキューブです。右クリックで使用します。,icon_item_eventcube3,,,,,,,,,8段階のチョコキューブ,0,0.0,0.0,FFFF,6,0.0
900228,Event_Valen_Choco_cube_10,片思いをしている少女に愛のチョコレートを渡し、お返しにもらったキューブです。右クリックで使用します。,icon_item_eventcube3,,,,,,,,,9段階のチョコキューブ,0,0.0,0.0,FFFF,6,0.0
900229,Event_Valen_Choco_cube_11,片思いをしている少女に愛のチョコレートを渡し、お返しにもらったキューブです。右クリックで使用します。,icon_item_eventcube3,,,,,,,,,10段階のチョコキューブ,0,0.0,0.0,FFFF,6,0.0
900236,Event_WhiteDay_Cube_1,ホワイトデーイベントアイテムです。{nl}「なんだか良いことがありそうな気がします。」,event_whiteday_cube_1,,,,,,,,,秘密のプレゼントボックス,0,0.0,0.0,FFFF,6,0.0
900237,Event_Cupon_Giftbox,クーポン使用時に支給されるギフトボックスです。,icon_item_giftbox_4,,,,,,,,,ギフトボックス,0,0.0,0.0,FFFF,6,0.0
900239,Event_ManWooCube_1,いたずら少女のドッキリプレゼンイベントキューブです。{nl}とても重たいです。,icon_item_eventbox_qm,,,,,,,,,まやかしのキューブ,0,3600.0,604800.0,FFFF,6,1.0
900270,Event_1704_CashBox,女神の祝福が宿った贈り物です。15レベル以上で使用可能です。右クリックで使用します。,icon_item_giftbox_1,,,,,,,,,女神の祝福が宿った贈り物,0,0.0,3600.0,FFFF,6,0.0
902010,Event_BlueCube_Lv1,使用するとアイテム1個がランダムで支給されます。{nl} - タルト{nl} - フォーチュンクッキー{nl} - 特性ポイント500{nl} - 高級ジェム研磨材(14日),icon_item_eventbox_gem,,,,,,,,,ブルーボックス LV1,0,0.0,0.0,FFFF,6,0.0
902011,Event_BlueCube_Lv2,使用するとアイテム1個がランダムで支給されます。{nl} - タルト{nl} - フォーチュンクッキー{nl} - 特性ポイント500{nl} - 高級ジェム研磨材(14日){nl} - 銀の金床(14日),icon_item_eventbox_gem,,,,,,,,,ブルーボックス LV2,0,0.0,0.0,FFFF,6,0.0
902012,Event_BlueCube_Lv3,使用するとアイテム1個がランダムで支給されます。{nl} - タルト{nl} - フォーチュンクッキー{nl} - 特性ポイント500{nl} - 高級ジェム研磨材(14日){nl} - 銀の金床(14日){nl} - 黄金の金床(14日),icon_item_eventbox_gem,,,,,,,,,ブルーボックス LV3,0,0.0,0.0,FFFF,6,0.0
902013,Event_BlueCube_Lv4,使用するとアイテム1個がランダムで支給されます。{nl} - タルト{nl} - フォーチュンクッキー{nl} - 特性ポイント500{nl} - 特性ポイント1000{nl} - 高級ジェム研磨材(14日){nl} - 銀の金床(14日){nl} - 黄金の金床(14日),icon_item_eventbox_gem,,,,,,,,,ブルーボックス LV4,0,0.0,0.0,FFFF,6,0.0
902014,Event_BlueCube_Lv5,使用するとアイテム1個がランダムで支給されます。{nl} - タルト{nl} - フォーチュンクッキー{nl} - 特性ポイント500{nl} - 特性ポイント1000{nl} - 高級ジェム研磨材(14日){nl} - 銀の金床(14日){nl} - 黄金の金床(14日){nl} - 270制限イベント用防具,icon_item_eventbox_gem,,,,,,,,,ブルーボックス LV5,0,0.0,0.0,FFFF,6,0.0
902015,Event_BlueCube_Lv6,ランダムに報酬を獲得します。マウス右クリックで使用できます。{nl}メンテナンスで一括削除されます。,icon_item_eventbox_blue,,,,,,,,,ブルーボックス,0,0.0,0.0,FFFT,6,0.0
902033,Event_CurseDoor_Cube,使用すると何かを獲得できそうです。右クリックで使用できます。,icon_item_eventcube1,,,,,,,,,生存報酬キューブ,0,0.0,0.0,FFFT,6,0.0
902061,EVENT_1801_ORB_ARMORBOX,使用すると350レベルのプリムス防具アイテムの中から、それぞれの確率によって1つを獲得できます。{nl}アイテムはお知らせにてご案内した日時に削除されます。,icon_item_event_armorbox1,,,,,,,,,財宝の防具キューブ,0,0.0,0.0,FFFT,6,0.0
902062,EVENT_1801_ORB_WEAPONBOX,使用すると350レベルのプリムス武器/補助武器アイテムの中から、それぞれの確率によって1つを獲得できます。{nl}アイテムはお知らせにてご案内した日時に削除されます。,icon_item_event_weaponbox1,,,,,,,,,財宝の武器キューブ,0,0.0,0.0,FFFT,6,0.0
902104,Event_SakuraCube_2018,使用すると何かを獲得できそうです。右クリックで使用できます。,icon_item_sakuracube,,,,,,,,,桜色キューブ,0,0.0,0.0,FFFF,6,0.0
902112,Event_JP_WEB_2018,使用すると何かを獲得できそうです。右クリックで使用できます。,icon_item_eventbox_gem,,,,,,,,,アンサーキューブ,0,0.0,0.0,FFFF,6,0.0
902133,Event_JP_LIVE_2018,使用すると何かを獲得できそうです。右クリックで使用できます。,icon_item_eventcube3,,,,,,,,,INTL_20181115_000255,0,0.0,0.0,FFFF,6,0.0
902137,EVENT_1812_ORB_ARMORBOX,INTL_20181228_000282,icon_item_event_armorbox1,,,,,,,,,財宝の防具キューブ,0,0.0,0.0,FFFT,6,0.0
902138,EVENT_1812_ORB_WEAPONBOX,INTL_20181228_000283,icon_item_event_weaponbox1,,,,,,,,,財宝の武器キューブ,0,0.0,0.0,FFFT,6,0.0
902139,Event_BlueCube_Lv6_1812,ランダムに報酬を獲得します。マウス右クリックで使用できます。,icon_item_eventbox_blue,,,,,,,,,ブルーボックス,0,0.0,0.0,FFFT,6,0.0
902154,Steam_Event_Carnival_Box,INTL_20190411_000318,icon_item_giftbox_4,,,,,,,,,INTL_20190411_000317,0,0.0,0.0,FFFT,6,0.0
902158,Event_JP_FLOWER_CUBE,使用すると何かを獲得できそうです。右クリックで使用できます。,icon_item_sakuracube,,,,,,,,,INTL_20190404_000311,0,0.0,0.0,FFFT,6,0.0
902163,Steam_Event_Popo_Weapon_3d_Box,持ち主のレベルによって400レベルまで成長するポポショップ武器が入っているボックス。右クリックで使用します。,icon_item_solmiki_box,,,,,,,,,ポポショップ武器選択ボックス(3日),0,0.0,259200.0,FFFF,6,0.0
902164,Steam_Event_Popo_Weapon_7d_Box,持ち主のレベルによって400レベルまで成長するポポショップ武器が入っているボックス。右クリックで使用します。,icon_item_solmiki_box,,,,,,,,,ポポショップ武器選択ボックス(7日),0,0.0,604800.0,FFFF,6,0.0
904002,EVENT_1802_MASTER_REWARD_CUBE,マスターの訓練報酬としてもらったアイテムです。{nl}使用すると、報酬リストの中のアイテムからランダムで獲得できます。,icon_item_eventcube1,,,,,,,,,無限の可能性のキューブ,0,0.0,0.0,FFFT,6,0.0
904014,EVENT_1804_ARBOR_GROW_CRYSTAL_CUBE_1_2,使用すると報酬リストからランダムなアイテムを獲得します。,icon_item_eventcube1,,,,,,,,,苗木キューブ,0,0.0,0.0,FFFT,6,0.0
904015,EVENT_1804_ARBOR_GROW_CRYSTAL_CUBE_3_4,使用すると報酬リストからランダムなアイテムを獲得します。,icon_item_eventcube2,,,,,,,,,若木キューブ,0,0.0,0.0,FFFT,6,0.0
904016,EVENT_1804_ARBOR_GROW_CRYSTAL_CUBE_5_6,使用すると報酬リストからランダムなアイテムを獲得します。,icon_item_eventcube3,,,,,,,,,大木キューブ,0,0.0,0.0,FFFT,6,0.0
904028,MISSION_SURVIVAL_EVENT2_CUBE,怪盗ルビイイベントアイテムです。{nl}使用すると、報酬リストからランダムにアイテムを獲得します。,icon_item_eventcube2,,,,,,,,,盗み出したお宝,0,0.0,0.0,FFFT,6,0.0
904041,EVENT_1805_SLATE_CUBE,世界に散らばる謎の石版を探し出せ！イベントアイテムです。使用するとランダムでアイテムを獲得します。{nl}メンテナンスで一括削除されます。,icon_item_eventcube2,,,,,,,,,レナのサンクスキューブ,0,0.0,0.0,FFFT,6,0.0
904049,EVENT_1806_STORY_1_CUBE,星の塔へ！イベントアイテムです。{nl}使用すると、報酬リストの中のアイテムからランダムで獲得できます。{nl}メンテナンスで一括削除されます。,icon_item_eventcube3,,,,,,,,,星の塔の英雄キューブ,0,0.0,0.0,FFFT,6,0.0
904057,EVENT_1807_BALL_CUBE,右クリックで使用すると、報酬リストの中からランダムでアイテムを獲得できます。,icon_item_summer_box,,,,,,,,,夏夜の贈り物ボックス,0,0.0,0.0,FFFT,6,0.0
904083,EVENT_1807_HOTTIME_BOX,[For 10]10万ネクソンポイントと最大10万特性ポイント獲得チャンス！{nl}50レベル以上から使用できます。{nl}メンテナンスで一括削除されます。,icon_item_eventbox_qm,,,,,,,,,[For 10]ホットタイムラッキーボックス(1時間),0,0.0,3600.0,FFFF,6,0.0
904095,EVENT_1810_UNIQUE_CUBE,ロタの特別支援イベントアイテムです。{nl}使用時補償リストの中でランダムでアイテムが獲得されます。{nl}1月10日点検時、一括削除されます。,icon_item_eventcube1,,,,,,,,,ロタの特別支援ボックス,0,0.0,0.0,FFFT,6,0.0
904111,KUPOLE_SERVER_TEST_REINFORCE,クポルサーバーテスト支援スクロール。インベントリ11強以下の装備を11強に変えます。,icon_item_reinforce11,,,,,,,,,[クポル専用]テスト支援スクロール: 強化,0,0.0,0.0,FFFT,6,0.0
904127,EVENT_1812_HOTTIME_BOX,ネクソンキャッシュ当選券と5超越スクロールがともにするチャンス!{nl}30レベル以上の時使うことができます。{nl}4月17日点検時、一括削除されます。,icon_item_eventbox_qm,,,,,,,,,[3周年]ホットタイム幸運箱(1時間),0,0.0,3600.0,FFFT,6,0.0
904129,EVENT_BORUTA_CLEAR_REWARDBOX,スリビナスレアのドラゴンボルタを初めて討伐したこと記念して、女神から贈られる特別な贈り物箱です。{nl}使用時、アイテムを獲得することができます。,icon_item_cube3_blow,,,,,,,,,女神の贈り物箱[ボルタ],0,0.0,0.0,FFFT,6,1.0
904138,EVENT_1902_NEWYEAR_FORTUNEPOUCH,亥年を記念して用意したプレゼント！{nl}福袋を開けてプレゼントを確認してください。{nl}メンテナンスで一括削除されます。,icon_item_fortunepouch,,,,,,,,,[イベント]亥年福袋,0,0.0,0.0,FFFT,6,0.0
904228,EVENT_QOS_SHIRTS_S1,右クリックで使用します。使用するとクイズ王コスチュームシーズン1(女) / クイズ王コスチュームシーズン1(男)の中から1個獲得できます。,icon_item_happybox_black,,,,,,,,,クイズ王コスチュームシーズン1選択ボックス,0,0.0,0.0,FFFF,6,5.0
904245,EVENT_2020_NEWYEAR_FORTUNEPOUCH,ラッキーポーチです。{nl}使用すると、各アイテム毎の確率によってイベント報酬を獲得できます。{nl}8月26日メンテナンス後一括削除されます。,icon_item_event_2005_lucky_box,,,,,,,,,[イベント]ラッキーポーチ,0,0.0,0.0,FFFT,6,0.1
904246,EVENT_2020_GOLDEN_FORTUNEPOUCH,ゴールデンラッキーポーチです。{nl}使用すると、各アイテム毎の確率によってイベント報酬を獲得できます。{nl}8月26日メンテナンス後一括削除されます。,icon_item_event_2005_golden_lucky_box,,,,,,,,,[イベント]ゴールデンラッキーポーチ,0,0.0,0.0,FFFT,6,0.1
904289,txbox_wonderers_armor_recipe,使用時に次のアイテムを全て獲得することができます。{nl} - ランダムワンダーラス防具製造書1個{nl} - モリングフォニアユニーク武器選択ボックス1個{nl} - モリングフォニアユニーク防具選択ボックス1個{nl} - モリングフォニアの王冠1個,icon_item_txbox_wonderers_armor,,,,,,,,,女神の加護ワンダーラス製造書ボックス,0,0.0,0.0,FFFT,6,0.0
904290,txbox_wonderers_armor_set,使用時に次のアイテムを全て獲得することができます。{nl}- ランダムワンダーラス防具上半身1個{nl} - ランダムワンダーラス防具下半身1個{nl} - ランダムワンダーラス防具手袋1個{nl} - ランダムワンダーラス防具靴1個,icon_item_txbox_wonderers_armor_set,,,,,,,,,女神の加護ワンダーラス防具セットボックス,0,0.0,0.0,FFFT,6,0.0
904291,txbox_LegendCardEP11_ALL,使用時に次のアイテムを全て獲得します。{nl} -魔将モリングフォニアカード1個{nl} - 憤怒するマーズルースカード1個{nl} - 解放されたスキアクリプスカード1個,icon_item_legendcardenvelope,,,,,,,,,女神の加護レジェンドカードセット封筒,0,0.0,0.0,TFFT,6,0.0
904292,txbox_Ruby_Moru_cnt20,使用時に次のアイテムを獲得します。{nl} - ルビー金床20個{nl} {nl}開封時に獲得したルビー金床は取引不可アイテムです。,icon_item_moringponia_rubymoru_box,,,,,,,,,女神の加護ルビー金床ボックス,0,0.0,0.0,TFFT,6,0.0
904304,PCbang_God_Potion_BOX,使用すると、次のアイテムを獲得します。{nl} - 女神の支援ボックス：懲罰×100{nl} - 女神の支援ボックス：加護×100,icon_item_ability_potion_box,,,,,,,,,[POPOショップ] 女神の支援ボックス,0,0.0,0.0,FFFT,6,0.0
1000094,Gem_Select_Box_Color,使用すると、以下の1レベルのジェムの一つを選択して獲得できます。{nl} {nl} - レッドジェム{nl} - ブルージェム{nl} - グリーンジェム{nl} - イエロージェム{nl} - ホワイトジェム,icon_item_gem_selectbox_color,,,,,,,,,カラージェム選択ボックス,0,0.0,0.0,FFFT,6,0.0
2500104,GEM_BOX_Fencer,右クリックで使用すると、以下のアイテムの中で一つを選択して獲得できます。{nl} - セプトエトワールジェム1個{nl} - アタックコンポーゼジェム1個{nl} - エスキーヴタッチジェム1個{nl} - バレストラフェンテジェム1個{nl} - フレーシュジェム1個,icon_item_luckybox_gold,,,,,,,,,スキルジェム選択ボックス：フェンサー,0,0.0,0.0,FFFT,6,1.0
2500105,GLOBAL_TWN_Yellow_Watermelon_Box,右クリックで使用すると、以下のアイテムの中で一つを選択して獲得できます。{nl} - [イベント]黄色のスイカタンクトップ(男){nl} - [イベント]黄色のスイカワンピース(女),icon_item_luckybox_gold,,,,,,,,,黄色のスイカコスチューム選択ボックス,0,0.0,0.0,FFFT,6,1.0
2500132,GEM_BOX_Murmillo,使用時、以下のアイテムの中から選択した1つを獲得できます。{nl} - フレンジードバーストジェム1個{nl} - バタフライジェム1個{nl} - ヘッドバットジェム1個{nl} - スキュータムヒットジェム1個{nl} - シールドトレインジェム1個,icon_item_luckybox_gold,,,,,,,,,スキルジェム選択ボックス：ムルミロ,0,0.0,0.0,FFFT,6,1.0
2500159,GEM_BOX_Musketeer,使用時、以下のアイテムの中から1つだけ選択すると獲得できます。{nl} - カバーリングファイアジェム{nl} - ペネトレーションショットジェム{nl} - プライム・アンド・ロードジェム{nl} - グルービングマズルジェム{nl} - ヴォレーファイアジェム{nl} - スナイプジェム,icon_item_luckybox_gold,,,,,,,,,スキルジェム選択ボックス：マスケティア,0,0.0,0.0,FFFT,6,1.0
2500171,GEM_BOX_Doppelsoeldner,使用時、以下のアイテムの中から選択した1つを獲得できます。{nl} - パニッシュジェム 1個{nl} - ディーズオブヴァロージェム 1個{nl} - ツォルンハウジェム 1個{nl} - ツーケンジェム 1個{nl} - レーデルジェム 1個{nl} - スーツルーツハウジェム 1個{nl} - ズバークハウジェム 1個{nl} - サイクロンジェム 1個,icon_item_luckybox_gold,,,,,,,,,スキルジェム選択ボックス：ドッペルゾルドナー,0,0.0,0.0,FFFT,6,1.0
2500185,GEM_BOX_Appraiser,使用時、以下のアイテムの中から選択した1つを獲得できます。{nl} - 鑑定ジェム1個{nl} - ブラインドサイドジェム1個{nl} - ビックルーペ1個{nl} - デバリュエーションジェム1個{nl} - 高倍率拡大鏡ジェム1個{nl} - トリプレットレンズジェム1個,icon_item_luckybox_gold,,,,,,,,,スキルジェム選択ボックス：アプレイサー,0,0.0,0.0,FFFT,6,1.0
2500186,GEM_BOX_PiedPiper,使用時、以下のアイテムの中から選択した1つを獲得できます。{nl} - ディソナンツジェム1個{nl} - ヴィーゲンリートジェム1個{nl} - ヒプノティックフルートジェム1個{nl} - ハーメルンナゲティアジェム1個{nl} - フリデンスリートジェム1個{nl} - マシュレデスリートジェム1個{nl} - リートデスベルトバウムジェム1個{nl} - シュテグライフシュフィルジェム1個,icon_item_luckybox_gold,,,,,,,,,スキルジェム選択ボックス：パイドパイパー,0,0.0,0.0,FFFT,6,1.0
2500187,GEM_BOX_Chronomancer,使用時、以下のアイテムの中から選択した1つを獲得できます。{nl} - サムサラジェム1個{nl} - ストップジェム1個{nl} - スロージェム 1個{nl} - タイムフォワードジェム1個{nl} - バックマスキング ジェム1個{nl} - クイックキャストジェム1個{nl} - パスジェム1個,icon_item_luckybox_gold,,,,,,,,,スキルジェム選択ボックス：クロノマンサー,0,0.0,0.0,FFFT,6,1.0
2500188,GEM_BOX_Linker,使用時、以下のアイテムの中から選択した1つを獲得できます。{nl} - アンバインドジェム1個{nl} - フィジカルリンクジェム1個{nl} - ジョイントペナルティジェム1個{nl} - ハングマンズノットジェム1個{nl} - エレクトリックショックジェム1個{nl} - アンビリカルコードジェム1個,icon_item_luckybox_gold,,,,,,,,,スキルジェム選択ボックス：リンカー,0,0.0,0.0,FFFT,6,1.0
2500189,GEM_BOX_Corsair,使用時、以下のアイテムの中から選択した1つを獲得できます。{nl} - ダストデビルジェム1個{nl} - ヘキセンドロッパージェム1個{nl} - ブルタリティジェム1個{nl} - ジョリーロジャージェム1個{nl} - アイアンフックジェム1個{nl} - キールハウリングジェム1個{nl} - クイックアンドデッドジェム1個{nl} - インペールダガージェム1個,icon_item_luckybox_gold,,,,,,,,,スキルジェム選択ボックス：コルセア,0,0.0,0.0,FFFT,6,1.0
2500190,GEM_BOX_Thaumaturge,使用時、以下のアイテムの中から選択した1つを獲得できます。{nl} - クイッケンジェム1個{nl} - シュリンクボディジェム1個{nl} - スウェルボディジェム 1個{nl} - トランスミュートジェム1個{nl} - スウェルハンズジェム1個{nl} - スウェルブレインジェム1個,icon_item_luckybox_gold,,,,,,,,,スキルジェム選択ボックス：ソーマタージュ,0,0.0,0.0,FFFT,6,1.0
2500191,GEM_BOX_Enchanter,使用時、以下のアイテムの中から選択した1つを獲得できます。{nl} - エンチャントオーラジェム1個{nl} - エンチャントグローブジェム1個{nl} - エンチャントアースジェム1個{nl} - アジリティジェム{nl} - エンチャントウェポンジェム1個{nl} - オーバーリインフォースジェム1個,icon_item_luckybox_gold,,,,,,,,,スキルジェム選択ボックス：エンチャンター,0,0.0,0.0,FFFT,6,1.0
2500192,GEM_BOX_Schwarzereiter,使用時、以下のアイテムの中から選択した1つを獲得できます。{nl} - 集中砲火ジェム1個{nl} - カラコール ジェム1個{nl} - リマソン ジェム1個{nl} - 連鎖弾丸 ジェム1個{nl} - エヴァシブアクション ジェム1個{nl} - アサルトファイアジェム1個,icon_item_luckybox_gold,,,,,,,,,スキルジェム選択ボックス：シュヴァルツライター,0,0.0,0.0,FFFT,6,1.0
2500227,GEM_BOX_Sadhu,使用時、以下のアイテムの中から選択した1つを獲得できます。{nl} - スピリットエキスパートジェム 1個{nl} - プラクリティジェム 1個{nl} - アニラジェム 1個{nl} - ポゼッションジェム 1個{nl} - タノティジェム 1個{nl} - パタティジェム 1個{nl} - モクシャジェム 1個,icon_item_luckybox_gold,,,,,,,,,スキルジェム選択ボックス：サドゥー,0,0.0,0.0,FFFT,6,1.0
2500238,GEM_BOX_Ranger,使用時、以下のアイテムの中から1つだけ選択すると獲得できます。{nl} - バラージジェム{nl} - スキャンジェム{nl} - フルスロットルジェム{nl} - ダブルテイクジェム{nl} - ストレイフジェム{nl} - ブレイジングアロージェム,icon_item_luckybox_gold,,,,,,,,,スキルジェム選択ボックス：レンジャー,0,0.0,0.0,FFFT,6,1.0
2500239,GEM_BOX_Fletcher,使用時、以下のアイテムの中から1つだけ選択すると獲得できます。{nl} - フレッチャーアローショットジェム{nl} - ボドキンポイントジェム{nl} - バーブドアロージェム{nl} - クロスファイアジェム{nl} - ボムアロージェム{nl} - カテナチェインアロージェム,icon_item_luckybox_gold,,,,,,,,,スキルジェム選択ボックス：フレッチャー,0,0.0,0.0,FFFT,6,1.0
2500240,GEM_BOX_Arquebusier,使用時、以下のアイテムの中から1つだけ選択すると獲得できます。{nl} - プレディクションジェム{nl} - アークィバスバレッジジェム{nl} - リニアシューティングジェム{nl} - ダスティサルートジェム{nl} - デスパレートディフェンスジェム{nl} - プリシジョンファイヤージェム,icon_item_luckybox_gold,,,,,,,,,スキルジェム選択ボックス：アークィバス,0,0.0,0.0,FFFT,6,1.0
2500241,GEM_BOX_Cannoneer,使用時、以下のアイテムの中から1つだけ選択すると獲得できます。{nl} - キャノンショットジェム{nl} - キャノンブラストジェム{nl} - 煙幕弾ジェム{nl} - キャノンバラージジェム{nl} - バズーカジェム{nl} - スウィーピングキャノンジェム,icon_item_luckybox_gold,,,,,,,,,スキルジェム選択ボックス：キャノニア,0,0.0,0.0,FFFT,6,1.0
2500242,GEM_BOX_Matross,使用時、以下のアイテムの中から1つだけ選択すると獲得できます。{nl} - ファイアアンドランジェム{nl} - ボンバーメントジェム{nl} - メナスショットジェム{nl} - クラウチングストライクジェム{nl} - ロアージェム{nl} - アーティラリーコールジェム,icon_item_luckybox_gold,,,,,,,,,スキルジェム選択ボックス：マトロス,0,0.0,0.0,FFFT,6,1.0
2500243,GEM_BOX_Highlander,使用時、以下のアイテムの中から1つだけ選択すると獲得できます。{nl} - ワゴンホイールジェム{nl} - クロスカットジェム{nl} - スカイライナージェム{nl} - クロスガードジェム{nl} - ディファイアンスジェム{nl} - ムリネジェム,icon_item_luckybox_gold,,,,,,,,,スキルジェム選択ボックス：ハイランダー,0,0.0,0.0,FFFT,6,1.0
2500244,GEM_BOX_Barbarian,使用時、以下のアイテムの中から1つだけ選択すると獲得できます。{nl} - インバウエルジェム{nl} - ストンピングキックジェム{nl} - サイズムジェム{nl} - ウォークライジェム{nl} - フレンジージェム{nl} - パウンシングジェム,icon_item_luckybox_gold,,,,,,,,,スキルジェム選択ボックス：バーバリアン,0,0.0,0.0,FFFT,6,1.0
2500245,GEM_BOX_Featherfoot,使用時、以下のアイテムの中から選択した1つを獲得できます。{nl} - クンデラジェム{nl} - ウンガドゥンディジェム{nl} - ブラッドエクスプロージョンジェム{nl} - ブラッドプールジェム{nl} - エネベイションジェム{nl} - プレイグジェム,icon_item_luckybox_gold,,,,,,,,,スキルジェム選択ボックス：フェザーフット,0,0.0,0.0,FFFT,6,1.0
2500246,GEM_BOX_Onmyoji,使用時、以下のアイテムの中から1つだけ選択すると獲得できます。{nl} - 念動式神ジェム{nl} - 緑木式神ジェム{nl} - 白虎咆哮ジェム{nl} - 風式神ジェム{nl} - 土俑ジェム{nl} - 陰陽太極ジェム,icon_item_luckybox_gold,,,,,,,,,スキルジェム選択ボックス：陰陽師,0,0.0,0.0,FFFT,6,1.0
2500247,GEM_BOX_Druid,使用時、以下のアイテムの中から1つだけ選択すると獲得できます。{nl} - カーニヴァリージェム{nl} - コルタスマタジェム{nl} - シェープシフティングジェム{nl} - シードボムジェム{nl} - トランスフォームジェム{nl} - ソーンバインジェム{nl} - ライカンスロピージェム,icon_item_luckybox_gold,,,,,,,,,スキルジェム選択ボックス：ドルイド,0,0.0,0.0,FFFT,6,1.0
2500248,GEM_BOX_Paladin,使用時、以下のアイテムの中から1つだけ選択すると獲得できます。{nl} - ストーンスキンジェム{nl} - リストレーションジェム{nl} - コンビクションジェム{nl} - サンクチュアリジェム{nl} - デモリションジェム{nl} - バリアジェム,icon_item_luckybox_gold,,,,,,,,,スキルジェム選択ボックス：パラディン,0,0.0,0.0,FFFT,6,1.0
2500256,GEM_BOX_Hackapell,使用時、以下のアイテムの中から選択した1つを獲得できます。{nl} - スカルプグニンジェム{nl} - ヘルムチョッパージェム{nl} - カヴァリチャージジェム{nl} - ハッカペルジェム{nl} - グラインドカッタージェム{nl} - インフィニットスラッシュジェム,icon_item_luckybox_gold,,,,,,,,,スキルジェム選択ボックス：ハッカペル,0,0.0,0.0,FFFT,6,1.0
2500290,GEM_BOX_Priest,使用すると以下のアイテムの中から選択した1つを獲得できます。{nl} - アスパーションジェム{nl} - モンストランスジェム{nl} - リザレクションジェム{nl} - ターンアンデッドジェム{nl} - サクラメントジェム{nl} - リバイブジェム{nl} - マスヒールジェム,icon_item_luckybox_gold,,,,,,,,,スキルジェム選択ボックス：プリースト,0,0.0,0.0,FFFT,6,1.0
2500291,GEM_BOX_Kabbalist,使用すると以下のアイテムの中から選択した1つを獲得できます。{nl} - セブンフォールドジェム{nl} - アインソフジェム{nl} - メルカバ젬{nl} - アナグラマジェム{nl} - ナハシジェム{nl} - セフィロトの樹ジェム,icon_item_luckybox_gold,,,,,,,,,スキルジェム選択ボックス：カバリスト,0,0.0,0.0,FFFT,6,1.0
2500296,GEM_BOX_Oracle,使用すると以下のアイテムの中から1つ選択して獲得できます。{nl} - アーケインエナジージェム{nl} - カウンタースペルジェム{nl} - プロフェシージェム{nl} - ディヴァインマイトジェム{nl} - スイッチジェンダージェム{nl} - フォアテルジェム{nl} - ツイストオブフェイトジェム,icon_item_luckybox_gold,,,,,,,,,スキルジェム選択ボックス：オラクル,0,0.0,0.0,FFFT,6,1.0
2500297,GEM_BOX_PlagueDoctor,使用すると以下のアイテムの中から1つ選択して獲得できます。{nl} - ヒーリングファクタージェム{nl} - インシネレーションジェム{nl} - フュミゲートジェム{nl} - モダフィニルジェム{nl} - ビークマスクジェム{nl} - ペストスチームジェム{nl} - パンデミックジェム,icon_item_luckybox_gold,,,,,,,,,スキルジェム選択ボックス：プレイグドクター,0,0.0,0.0,FFFT,6,1.0
2500315,GEM_BOX_Templar,使用すると以下のアイテムの中から一つを選択して獲得することができます。{nl} - アドバンスドオーダーズジェム{nl} - アドバンスドオーダーズジェム{nl} - モータルウェーブジェム{nl} - モータルスラッシュジェム{nl} - レトリビューションジェム{nl} - 士気の旗ジェム{nl} - 報復の旗ジェム{nl} - 活力の旗ジェム,icon_item_luckybox_gold,,,,,,,,,スキルジェム選択ボックス：テンプラー,0,0.0,0.0,FFFT,6,1.0
2500328,GEM_BOX_Sapper,使用すると以下のアイテムの中から一つを選択して獲得することができます。{nl} - クレイモアジェム{nl} - パンジステイクジェム{nl} - デトネイトトラップジェム{nl} - ブルームトラップジェム{nl} - スパイクシュータージェム{nl} - スプリングトラップジェム{nl} - レッグホールドトラップジェム,icon_item_luckybox_gold,,,,,,,,,スキルジェム選択ボックス：サッパー,0,0.0,0.0,FFFT,6,1.0
2500345,GEM_BOX_Hunter,使用すると、以下のうちいずれか1つを選択して獲得できます。{nl} - グロウリングジェム{nl} - ハウリングジェム{nl} - プレイズジェム{nl} - 攻撃！ジェム{nl} - ボラスジェム{nl} - ブリーディングピアスジェム{nl} - ドタバタ！ジェム,icon_item_luckybox_gold,,,,,,,,,スキルジェム選択ボックス：ハンター,0,0.0,0.0,FFFT,6,1.0
